timestamp,dt,meas_0,meas_1,meas_2,meas_3,control_0,sensor_mask_0,sensor_mask_1,sensor_mask_2,sensor_mask_3
0.000000,0.004000,0.509783,0.162546,0.008456,-9.797898,0.005785,1,1,1,1
0.004000,0.004000,0.514093,0.194075,0.049093,-9.918524,0.001081,1,1,1,1
0.008000,0.004000,0.480185,0.178944,-0.208277,-9.838048,-0.004860,1,1,1,1
0.012000,0.004000,0.482543,0.220593,0.012674,-9.938181,-0.005840,1,1,1,1
0.016000,0.004000,0.500498,0.216257,-0.123512,-9.795341,0.028080,1,1,1,1
0.020000,0.004000,0.502117,0.202691,0.003053,-9.927071,0.015001,1,1,1,1
0.024000,0.004000,0.484108,0.197114,-0.069995,-9.681285,0.004310,1,1,1,1
0.028000,0.004000,0.489070,0.175510,0.163546,-9.781409,0.032828,1,1,1,1
0.032000,0.004000,0.514687,0.208746,-0.075929,-9.643531,0.026551,1,1,1,1
0.036000,0.004000,0.496281,0.196917,-0.048227,-9.899911,-0.002885,1,1,1,1
0.040000,0.004000,0.509221,0.177406,0.115481,-9.898622,0.001283,1,1,1,1
0.044000,0.004000,0.492860,0.204551,-0.058231,-9.793627,0.005766,1,1,1,1
0.048000,0.004000,0.508059,0.144287,-0.024271,-9.679004,-0.032903,1,1,1,1
0.052000,0.004000,0.502430,0.193319,-0.012020,-9.859536,0.016755,1,1,1,1
0.056000,0.004000,0.479385,0.181081,0.032754,-9.791387,-0.024180,1,1,1,1
0.060000,0.004000,0.502816,0.205523,0.015581,-9.847581,-0.012082,1,1,1,1
0.064000,0.004000,0.509006,0.173976,0.017567,-9.716172,0.012463,1,1,1,1
0.068000,0.004000,0.504691,0.192050,-0.073307,-9.804808,0.017494,1,1,1,1
0.072000,0.004000,0.484720,0.157744,0.048273,-9.723262,0.016557,1,1,1,1
0.076000,0.004000,0.494528,0.198952,-0.216289,-9.967687,0.001515,1,1,1,1
0.080000,0.004000,0.480607,0.219239,-0.026642,-9.802057,0.006275,1,1,1,1
0.084000,0.004000,0.497077,0.218288,-0.223906,-9.879499,-0.003449,1,1,1,1
0.088000,0.004000,0.508539,0.214925,-0.077649,-9.712610,0.008469,1,1,1,1
0.092000,0.004000,0.516107,0.204502,-0.004603,-9.849496,0.015199,1,1,1,1
0.096000,0.004000,0.487929,0.243532,-0.032779,-9.814686,0.036923,1,1,1,1
0.100000,0.004000,0.493938,0.155996,0.057924,-9.853050,0.030518,1,1,1,1
0.104000,0.004000,0.542437,0.207192,-0.186767,-9.931116,0.020642,1,1,1,1
0.108000,0.004000,0.512919,0.201122,0.107448,-10.004471,0.014735,1,1,1,1
0.112000,0.004000,0.498701,0.227823,-0.040555,-9.908692,-0.004046,1,1,1,1
0.116000,0.004000,0.498842,0.167526,-0.000403,-9.725284,-0.009582,1,1,1,1
0.120000,0.004000,0.496030,0.192346,0.196205,-9.743863,0.016221,1,1,1,1
0.124000,0.004000,0.501248,0.208325,-0.122047,-9.899046,0.032711,1,1,1,1
0.128000,0.004000,0.487535,0.199860,0.093942,-9.670331,-0.008798,1,1,1,1
0.132000,0.004000,0.503389,0.201414,-0.141982,-9.751609,0.039799,1,1,1,1
0.136000,0.004000,0.493870,0.195985,-0.153512,-9.727967,-0.010173,1,1,1,1
0.140000,0.004000,0.502508,0.207347,0.102612,-9.824197,0.035548,1,1,1,1
0.144000,0.004000,0.497757,0.197776,0.037469,-9.655580,0.018837,1,1,1,1
0.148000,0.004000,0.512640,0.178699,-0.235776,-9.752464,-0.018277,1,1,1,1
0.152000,0.004000,0.513456,0.174316,-0.124600,-9.854347,0.008174,1,1,1,1
0.156000,0.004000,0.513270,0.202553,-0.321663,-9.694658,0.008920,1,1,1,1
0.160000,0.004000,0.492672,0.203869,-0.051937,-9.880447,-0.005540,1,1,1,1
0.164000,0.004000,0.504189,0.215737,0.017377,-9.827456,-0.013469,1,1,1,1
0.168000,0.004000,0.484169,0.184708,-0.079829,-9.865113,0.015410,1,1,1,1
0.172000,0.004000,0.511211,0.227153,0.142306,-9.840123,-0.005607,1,1,1,1
0.176000,0.004000,0.504267,0.184351,-0.069836,-9.537624,0.019614,1,1,1,1
0.180000,0.004000,0.505161,0.183641,-0.066260,-9.620127,0.014637,1,1,1,1
0.184000,0.004000,0.520242,0.218009,0.104975,-9.790277,0.016211,1,1,1,1
0.188000,0.004000,0.486384,0.218222,-0.059009,-9.873773,0.025051,1,1,1,1
0.192000,0.004000,0.506727,0.201578,-0.067533,-9.879703,0.002287,1,1,1,1
0.196000,0.004000,0.507116,0.221533,-0.152607,-9.869462,-0.005409,1,1,1,1
0.200000,0.004000,0.474836,0.240937,-0.091784,-9.656303,0.007718,1,1,1,1
0.204000,0.004000,0.503293,0.230719,-0.213084,-9.667083,0.038523,1,1,1,1
0.208000,0.004000,0.504303,0.224198,-0.301259,-9.862822,-0.024029,1,1,1,1
0.212000,0.004000,0.508121,0.183165,0.098309,-9.843101,0.019884,1,1,1,1
0.216000,0.004000,0.500937,0.213520,0.051992,-9.817339,0.000436,1,1,1,1
0.220000,0.004000,0.477858,0.166994,0.189610,-9.804458,0.026566,1,1,1,1
0.224000,0.004000,0.466828,0.178388,-0.030555,-9.824874,0.003536,1,1,1,1
0.228000,0.004000,0.537582,0.208140,-0.283219,-9.882598,0.031505,1,1,1,1
0.232000,0.004000,0.510899,0.185784,0.198528,-9.699830,0.016478,1,1,1,1
0.236000,0.004000,0.503493,0.161537,-0.206891,-9.812353,0.048349,1,1,1,1
0.240000,0.004000,0.503484,0.171374,-0.258189,-10.076805,0.039928,1,1,1,1
0.244000,0.004000,0.499315,0.216968,-0.137792,-9.983222,0.025413,1,1,1,1
0.248000,0.004000,0.536055,0.157929,-0.079682,-9.797292,0.039693,1,1,1,1
0.252000,0.004000,0.488475,0.162783,-0.295782,-9.810245,-0.011201,1,1,1,1
0.256000,0.004000,0.490536,0.212745,-0.179394,-9.863823,0.027066,1,1,1,1
0.260000,0.004000,0.497686,0.162161,-0.104978,-9.845402,0.012568,1,1,1,1
0.264000,0.004000,0.499786,0.181929,-0.245777,-9.876137,0.050316,1,1,1,1
0.268000,0.004000,0.494920,0.170377,-0.050554,-9.952269,0.022635,1,1,1,1
0.272000,0.004000,0.506793,0.175205,-0.324825,-9.822656,0.018935,1,1,1,1
0.276000,0.004000,0.517630,0.224897,-0.074326,-9.684402,0.052304,1,1,1,1
0.280000,0.004000,0.503381,0.181354,-0.078756,-9.868480,0.027825,1,1,1,1
0.284000,0.004000,0.496037,0.193785,-0.205126,-9.758323,0.054224,1,1,1,1
0.288000,0.004000,0.508285,0.193647,-0.139779,-9.739014,0.056345,1,1,1,1
0.292000,0.004000,0.524893,0.188082,0.181303,-9.889143,0.031699,1,1,1,1
0.296000,0.004000,0.511903,0.196370,-0.253376,-9.748293,0.002409,1,1,1,1
0.300000,0.004000,0.523228,0.205800,-0.194059,-9.857690,0.026860,1,1,1,1
0.304000,0.004000,0.519104,0.184651,-0.050106,-9.724111,0.040933,1,1,1,1
0.308000,0.004000,0.487418,0.217256,-0.143074,-9.708010,0.035136,1,1,1,1
0.312000,0.004000,0.510964,0.209348,0.125817,-9.793299,0.038211,1,1,1,1
0.316000,0.004000,0.528243,0.170978,-0.089518,-9.768132,0.005693,1,1,1,1
0.320000,0.004000,0.496477,0.169652,-0.253576,-9.677727,0.028732,1,1,1,1
0.324000,0.004000,0.504643,0.191612,-0.172624,-9.733309,0.018865,1,1,1,1
0.328000,0.004000,0.500623,0.211130,-0.088455,-9.666445,0.011005,1,1,1,1
0.332000,0.004000,0.533053,0.189847,-0.150560,-9.709441,0.041794,1,1,1,1
0.336000,0.004000,0.507850,0.206742,-0.015228,-9.807546,0.021180,1,1,1,1
0.340000,0.004000,0.481499,0.218630,-0.237455,-9.876344,0.014594,1,1,1,1
0.344000,0.004000,0.508825,0.215963,-0.312014,-10.008407,0.012469,1,1,1,1
0.348000,0.004000,0.491044,0.191510,-0.054676,-9.939622,0.035827,1,1,1,1
0.352000,0.004000,0.510543,0.209218,-0.137301,-9.740799,0.045481,1,1,1,1
0.356000,0.004000,0.509294,0.192579,-0.135183,-9.827419,0.027481,1,1,1,1
0.360000,0.004000,0.518121,0.207582,-0.258830,-9.757927,0.021389,1,1,1,1
0.364000,0.004000,0.512640,0.176971,0.003044,-9.693065,-0.005042,1,1,1,1
0.368000,0.004000,0.500128,0.211205,-0.355952,-9.791512,0.022712,1,1,1,1
0.372000,0.004000,0.516222,0.193857,-0.103147,-9.712655,0.048325,1,1,1,1
0.376000,0.004000,0.501839,0.182671,-0.110603,-9.832802,0.055957,1,1,1,1
0.380000,0.004000,0.514860,0.224200,-0.121991,-9.854248,0.002424,1,1,1,1
0.384000,0.004000,0.495305,0.211031,-0.035204,-9.920177,0.026711,1,1,1,1
0.388000,0.004000,0.506548,0.164682,-0.395262,-9.868204,0.049123,1,1,1,1
0.392000,0.004000,0.518732,0.192451,-0.242428,-9.714173,0.058765,1,1,1,1
0.396000,0.004000,0.549689,0.194328,0.079778,-9.790943,0.031025,1,1,1,1
0.400000,0.004000,0.522634,0.186492,-0.316781,-9.922906,0.033553,1,1,1,1
0.404000,0.004000,0.520556,0.195343,0.000748,-9.816995,0.019364,1,1,1,1
0.408000,0.004000,0.516559,0.223029,-0.239020,-9.789431,0.048560,1,1,1,1
0.412000,0.004000,0.513523,0.191231,-0.188675,-9.797549,0.058651,1,1,1,1
0.416000,0.004000,0.512719,0.214775,-0.114745,-9.791530,0.026078,1,1,1,1
0.420000,0.004000,0.503508,0.216915,-0.010096,-9.728519,0.078496,1,1,1,1
0.424000,0.004000,0.526129,0.175400,0.017230,-9.832716,0.061871,1,1,1,1
0.428000,0.004000,0.507993,0.162284,-0.282128,-9.942739,0.015972,1,1,1,1
0.432000,0.004000,0.513763,0.210890,-0.124099,-9.839201,0.088793,1,1,1,1
0.436000,0.004000,0.497314,0.209666,-0.390448,-9.770538,0.009101,1,1,1,1
0.440000,0.004000,0.535719,0.202285,-0.419271,-9.913203,0.044941,1,1,1,1
0.444000,0.004000,0.527063,0.205724,-0.117549,-9.842441,0.065549,1,1,1,1
0.448000,0.004000,0.501304,0.174697,-0.074021,-9.537619,0.033380,1,1,1,1
0.452000,0.004000,0.505554,0.238819,-0.659927,-9.934617,0.032698,1,1,1,1
0.456000,0.004000,0.516904,0.208901,-0.371356,-9.944402,0.055829,1,1,1,1
0.460000,0.004000,0.511625,0.212380,-0.188420,-9.995561,0.044668,1,1,1,1
0.464000,0.004000,0.506860,0.187787,-0.108586,-9.835306,-0.017023,1,1,1,1
0.468000,0.004000,0.487855,0.205934,-0.008349,-9.772708,0.030681,1,1,1,1
0.472000,0.004000,0.491908,0.221066,0.007508,-9.523761,0.016817,1,1,1,1
0.476000,0.004000,0.519840,0.194182,-0.099222,-9.805880,0.040959,1,1,1,1
0.480000,0.004000,0.492222,0.213623,-0.294476,-9.856718,0.026355,1,1,1,1
0.484000,0.004000,0.497116,0.188752,-0.198965,-9.828582,0.019734,1,1,1,1
0.488000,0.004000,0.537432,0.237441,-0.301381,-9.689577,0.062931,1,1,1,1
0.492000,0.004000,0.518199,0.232352,-0.300291,-9.541601,0.048792,1,1,1,1
0.496000,0.004000,0.502587,0.189012,-0.335068,-9.816249,0.062644,1,1,1,1
0.500000,0.004000,0.518558,0.227434,-0.244702,-9.834870,0.069336,1,1,1,1
0.504000,0.004000,0.515052,0.147892,-0.230124,-9.781261,0.063471,1,1,1,1
0.508000,0.004000,0.503638,0.235164,-0.407140,-9.846721,0.066402,1,1,1,1
0.512000,0.004000,0.497923,0.176488,-0.117734,-9.797984,0.062328,1,1,1,1
0.516000,0.004000,0.530526,0.194342,-0.180388,-9.941626,0.046345,1,1,1,1
0.520000,0.004000,0.526451,0.205287,-0.239776,-9.764380,0.038858,1,1,1,1
0.524000,0.004000,0.514012,0.183283,-0.311312,-9.904845,0.022298,1,1,1,1
0.528000,0.004000,0.490009,0.183802,-0.537512,-9.874003,0.070366,1,1,1,1
0.532000,0.004000,0.481044,0.237655,-0.133315,-9.936540,0.070635,1,1,1,1
0.536000,0.004000,0.514567,0.218650,-0.268593,-9.998114,0.032975,1,1,1,1
0.540000,0.004000,0.500207,0.230283,-0.359640,-9.846853,0.040471,1,1,1,1
0.544000,0.004000,0.491541,0.181548,-0.113989,-9.799987,0.059160,1,1,1,1
0.548000,0.004000,0.508822,0.220192,-0.135199,-9.851114,0.019702,1,1,1,1
0.552000,0.004000,0.509854,0.199467,-0.249573,-9.866744,0.032854,1,1,1,1
0.556000,0.004000,0.531680,0.211706,-0.216408,-9.648522,0.058580,1,1,1,1
0.560000,0.004000,0.505626,0.200208,-0.342585,-9.726599,0.061911,1,1,1,1
0.564000,0.004000,0.514864,0.183068,-0.170186,-9.784390,0.005582,1,1,1,1
0.568000,0.004000,0.510495,0.204640,-0.001465,-9.747252,0.075387,1,1,1,1
0.572000,0.004000,0.494857,0.197850,-0.136321,-9.807341,0.041788,1,1,1,1
0.576000,0.004000,0.485551,0.192383,-0.265476,-9.764597,0.052652,1,1,1,1
0.580000,0.004000,0.491840,0.186605,-0.405249,-9.961599,0.026032,1,1,1,1
0.584000,0.004000,0.509750,0.186277,-0.436904,-9.617035,0.037135,1,1,1,1
0.588000,0.004000,0.494561,0.190567,-0.434742,-9.714349,0.037003,1,1,1,1
0.592000,0.004000,0.513898,0.216673,-0.288384,-9.957663,0.052227,1,1,1,1
0.596000,0.004000,0.509585,0.233273,-0.384459,-9.836261,0.056889,1,1,1,1
0.600000,0.004000,0.531278,0.169190,-0.121777,-9.674289,0.044038,1,1,1,1
0.604000,0.004000,0.472882,0.170968,-0.438058,-9.837318,0.095045,1,1,1,1
0.608000,0.004000,0.510210,0.213717,-0.193380,-9.886481,0.075373,1,1,1,1
0.612000,0.004000,0.507675,0.206714,-0.372876,-9.790955,0.071626,1,1,1,1
0.616000,0.004000,0.513531,0.168355,-0.348492,-9.976238,0.081917,1,1,1,1
0.620000,0.004000,0.542464,0.183658,-0.471859,-9.768625,0.065071,1,1,1,1
0.624000,0.004000,0.533526,0.181652,-0.467809,-9.843342,0.074368,1,1,1,1
0.628000,0.004000,0.514099,0.230949,-0.182596,-9.847015,0.034296,1,1,1,1
0.632000,0.004000,0.533922,0.157782,-0.391453,-9.735146,0.046292,1,1,1,1
0.636000,0.004000,0.520411,0.181563,-0.311391,-9.736709,0.069142,1,1,1,1
0.640000,0.004000,0.495523,0.215651,-0.330384,-9.605765,0.081098,1,1,1,1
0.644000,0.004000,0.504061,0.177697,-0.370719,-9.852920,0.044328,1,1,1,1
0.648000,0.004000,0.523704,0.196856,-0.448674,-9.925944,0.046962,1,1,1,1
0.652000,0.004000,0.487941,0.218496,-0.197616,-9.718801,0.048973,1,1,1,1
0.656000,0.004000,0.523330,0.169933,-0.350398,-9.862442,0.044913,1,1,1,1
0.660000,0.004000,0.534394,0.195184,-0.283257,-9.701565,0.055848,1,1,1,1
0.664000,0.004000,0.496089,0.235303,-0.268504,-9.898931,0.098432,1,1,1,1
0.668000,0.004000,0.521800,0.216987,-0.013910,-9.668849,0.068319,1,1,1,1
0.672000,0.004000,0.489470,0.198605,-0.442387,-9.902244,0.072672,1,1,1,1
0.676000,0.004000,0.498070,0.183608,-0.259643,-9.658757,0.045593,1,1,1,1
0.680000,0.004000,0.520377,0.222980,-0.410303,-9.913338,0.067961,1,1,1,1
0.684000,0.004000,0.499412,0.188391,-0.429102,-9.850958,0.049074,1,1,1,1
0.688000,0.004000,0.522166,0.196513,-0.222756,-9.810501,0.067118,1,1,1,1
0.692000,0.004000,0.509568,0.213777,-0.659173,-9.694403,0.040958,1,1,1,1
0.696000,0.004000,0.513927,0.227974,-0.352763,-9.715794,0.040782,1,1,1,1
0.700000,0.004000,0.492582,0.222485,-0.377259,-9.757249,0.070442,1,1,1,1
0.704000,0.004000,0.482463,0.188063,-0.200856,-9.674219,0.091476,1,1,1,1
0.708000,0.004000,0.509758,0.229022,-0.117937,-9.900883,0.059763,1,1,1,1
0.712000,0.004000,0.524313,0.171430,-0.593160,-9.692127,0.093559,1,1,1,1
0.716000,0.004000,0.536153,0.223487,-0.202626,-10.010001,0.062017,1,1,1,1
0.720000,0.004000,0.505450,0.217233,-0.347152,-9.825093,0.064239,1,1,1,1
0.724000,0.004000,0.515510,0.151245,-0.412396,-9.939479,0.085408,1,1,1,1
0.728000,0.004000,0.499314,0.181473,-0.235782,-9.590238,0.048429,1,1,1,1
0.732000,0.004000,0.487840,0.196370,-0.333303,-9.757566,0.017902,1,1,1,1
0.736000,0.004000,0.500345,0.185200,-0.233298,-9.925649,0.074735,1,1,1,1
0.740000,0.004000,0.536411,0.215717,-0.499017,-9.626390,0.040115,1,1,1,1
0.744000,0.004000,0.515498,0.214073,-0.290288,-9.971214,0.057597,1,1,1,1
0.748000,0.004000,0.503226,0.202159,-0.442517,-9.941720,0.081388,1,1,1,1
0.752000,0.004000,0.511108,0.180612,-0.364048,-9.703148,0.054587,1,1,1,1
0.756000,0.004000,0.522094,0.210790,-0.191983,-9.932242,0.044207,1,1,1,1
0.760000,0.004000,0.518656,0.184883,-0.354297,-9.926224,0.055742,1,1,1,1
0.764000,0.004000,0.519810,0.187809,-0.411931,-9.778822,0.058548,1,1,1,1
0.768000,0.004000,0.528308,0.193798,-0.344310,-9.902266,0.053338,1,1,1,1
0.772000,0.004000,0.543345,0.174113,-0.297730,-10.072223,0.056062,1,1,1,1
0.776000,0.004000,0.539225,0.197518,-0.373973,-9.565503,0.096271,1,1,1,1
0.780000,0.004000,0.514380,0.213375,-0.302437,-9.709421,0.045152,1,1,1,1
0.784000,0.004000,0.498740,0.235857,-0.399425,-9.912159,0.073090,1,1,1,1
0.788000,0.004000,0.514599,0.212393,-0.386667,-9.705652,0.086475,1,1,1,1
0.792000,0.004000,0.540089,0.172540,-0.269066,-9.851436,0.071149,1,1,1,1
0.796000,0.004000,0.527934,0.197755,-0.524495,-9.848801,0.058030,1,1,1,1
0.800000,0.004000,0.502288,0.155065,-0.356415,-9.811317,0.091741,1,1,1,1
0.804000,0.004000,0.511038,0.179487,-0.407701,-9.753275,0.086407,1,1,1,1
0.808000,0.004000,0.503921,0.210220,-0.494968,-9.816648,0.027952,1,1,1,1
0.812000,0.004000,0.529003,0.211736,-0.407795,-9.623030,0.070239,1,1,1,1
0.816000,0.004000,0.504755,0.157380,-0.229132,-9.734291,0.096825,1,1,1,1
0.820000,0.004000,0.493421,0.234061,-0.258326,-9.898620,0.036638,1,1,1,1
0.824000,0.004000,0.509268,0.179033,-0.155557,-9.786546,0.116330,1,1,1,1
0.828000,0.004000,0.539721,0.174154,-0.278105,-9.787714,0.093198,1,1,1,1
0.832000,0.004000,0.495906,0.229272,-0.429269,-9.818042,0.051056,1,1,1,1
0.836000,0.004000,0.526282,0.163320,-0.241411,-9.795286,0.061524,1,1,1,1
0.840000,0.004000,0.508960,0.227140,-0.531499,-9.884036,0.095811,1,1,1,1
0.844000,0.004000,0.519842,0.179308,-0.462157,-9.757903,0.048251,1,1,1,1
0.848000,0.004000,0.512670,0.203652,-0.341605,-9.924228,0.083374,1,1,1,1
0.852000,0.004000,0.517075,0.209394,-0.557663,-9.938718,0.079477,1,1,1,1
0.856000,0.004000,0.509819,0.185461,-0.411012,-9.989251,0.058300,1,1,1,1
0.860000,0.004000,0.493314,0.183290,-0.498422,-9.838088,0.057895,1,1,1,1
0.864000,0.004000,0.542750,0.210148,-0.399317,-9.721374,0.071512,1,1,1,1
0.868000,0.004000,0.516492,0.196899,-0.401684,-9.932569,0.086063,1,1,1,1
0.872000,0.004000,0.498074,0.206461,-0.370061,-9.993134,0.052768,1,1,1,1
0.876000,0.004000,0.536583,0.177613,-0.381332,-9.448523,0.042400,1,1,1,1
0.880000,0.004000,0.504149,0.200197,-0.644103,-9.744173,0.095902,1,1,1,1
0.884000,0.004000,0.521846,0.229346,-0.469259,-9.760006,0.064520,1,1,1,1
0.888000,0.004000,0.523851,0.171112,-0.474354,-9.870634,0.041046,1,1,1,1
0.892000,0.004000,0.519023,0.196516,-0.485748,-9.854717,0.073263,1,1,1,1
0.896000,0.004000,0.504388,0.168613,-0.195152,-9.755886,0.058886,1,1,1,1
0.900000,0.004000,0.521391,0.223929,-0.541957,-10.093993,0.075740,1,1,1,1
0.904000,0.004000,0.526347,0.219698,-0.396566,-9.817734,0.081299,1,1,1,1
0.908000,0.004000,0.516353,0.189696,-0.303069,-9.758444,0.084165,1,1,1,1
0.912000,0.004000,0.523805,0.170745,-0.207318,-9.816426,0.084524,1,1,1,1
0.916000,0.004000,0.514638,0.212038,-0.120858,-9.791134,0.096411,1,1,1,1
0.920000,0.004000,0.497186,0.174557,-0.480227,-9.708143,0.075941,1,1,1,1
0.924000,0.004000,0.524970,0.202729,-0.620153,-9.688510,0.115511,1,1,1,1
0.928000,0.004000,0.533643,0.184534,-0.530817,-9.885938,0.104960,1,1,1,1
0.932000,0.004000,0.531601,0.175508,-0.268162,-9.783990,0.076178,1,1,1,1
0.936000,0.004000,0.510845,0.222976,-0.236594,-9.644171,0.120613,1,1,1,1
0.940000,0.004000,0.530720,0.178712,-0.483016,-9.690500,0.071048,1,1,1,1
0.944000,0.004000,0.521600,0.183133,-0.441351,-9.902481,0.106943,1,1,1,1
0.948000,0.004000,0.511035,0.227467,-0.469814,-9.999262,0.086965,1,1,1,1
0.952000,0.004000,0.501300,0.169032,-0.106447,-9.877933,0.085278,1,1,1,1
0.956000,0.004000,0.487957,0.212464,-0.405449,-9.646403,0.079535,1,1,1,1
0.960000,0.004000,0.507453,0.202316,-0.432855,-9.627535,0.075894,1,1,1,1
0.964000,0.004000,0.509808,0.199403,-0.256577,-9.936355,0.092053,1,1,1,1
0.968000,0.004000,0.509832,0.232511,-0.609451,-9.775596,0.078719,1,1,1,1
0.972000,0.004000,0.547784,0.201141,-0.327909,-9.792594,0.066690,1,1,1,1
0.976000,0.004000,0.509684,0.158119,-0.574967,-9.809196,0.074007,1,1,1,1
0.980000,0.004000,0.508079,0.193967,-0.255982,-9.845961,0.085333,1,1,1,1
0.984000,0.004000,0.517833,0.188813,-0.727640,-9.861512,0.092884,1,1,1,1
0.988000,0.004000,0.517670,0.168838,-0.497694,-9.846622,0.079736,1,1,1,1
0.992000,0.004000,0.531329,0.187611,-0.554785,-9.852192,0.095882,1,1,1,1
0.996000,0.004000,0.511303,0.213424,-0.551972,-9.853435,0.101932,1,1,1,1
1.000000,0.004000,0.533964,0.227304,-0.313249,-9.795796,0.076048,1,1,1,1
1.004000,0.004000,0.529153,0.151293,-0.612584,-10.021718,0.118595,1,1,1,1
1.008000,0.004000,0.512236,0.157201,-0.639180,-9.844407,0.085361,1,1,1,1
1.012000,0.004000,0.554338,0.216726,-0.581710,-9.725836,0.079781,1,1,1,1
1.016000,0.004000,0.516931,0.169697,-0.559899,-9.846966,0.090594,1,1,1,1
1.020000,0.004000,0.526574,0.209158,-0.468604,-9.811710,0.069508,1,1,1,1
1.024000,0.004000,0.509331,0.158383,-0.398945,-9.873077,0.077012,1,1,1,1
1.028000,0.004000,0.519667,0.178480,-0.307852,-9.778715,0.091289,1,1,1,1
1.032000,0.004000,0.532325,0.197054,-0.637228,-9.719122,0.088192,1,1,1,1
1.036000,0.004000,0.533608,0.212965,-0.360117,-9.897955,0.048093,1,1,1,1
1.040000,0.004000,0.536040,0.190484,-0.480253,-9.895435,0.087468,1,1,1,1
1.044000,0.004000,0.500660,0.175242,-0.546689,-9.838371,0.098550,1,1,1,1
1.048000,0.004000,0.499768,0.203872,-0.593421,-9.836971,0.085152,1,1,1,1
1.052000,0.004000,0.494590,0.212092,-0.384555,-9.926622,0.091880,1,1,1,1
1.056000,0.004000,0.520275,0.209580,-0.373072,-9.798551,0.131654,1,1,1,1
1.060000,0.004000,0.521038,0.157495,-0.742121,-9.739750,0.109243,1,1,1,1
1.064000,0.004000,0.543207,0.149050,-0.523701,-9.806032,0.133611,1,1,1,1
1.068000,0.004000,0.526535,0.204419,-0.621627,-9.813946,0.135609,1,1,1,1
1.072000,0.004000,0.551890,0.141135,-0.404835,-9.759007,0.093974,1,1,1,1
1.076000,0.004000,0.559791,0.166759,-0.583236,-9.904707,0.097659,1,1,1,1
1.080000,0.004000,0.546554,0.168239,-0.450887,-9.645050,0.095548,1,1,1,1
1.084000,0.004000,0.514113,0.141598,-0.436935,-9.791860,0.121883,1,1,1,1
1.088000,0.004000,0.538594,0.188476,-0.314896,-9.726677,0.106142,1,1,1,1
1.092000,0.004000,0.537377,0.217079,-0.741047,-9.697973,0.071891,1,1,1,1
1.096000,0.004000,0.532978,0.194676,-0.257840,-9.702606,0.097631,1,1,1,1
1.100000,0.004000,0.494343,0.146435,-0.511951,-9.801591,0.068079,1,1,1,1
1.104000,0.004000,0.512288,0.166914,-0.498505,-9.824286,0.062369,1,1,1,1
1.108000,0.004000,0.542251,0.205337,-0.523394,-9.655355,0.129171,1,1,1,1
1.112000,0.004000,0.513066,0.222504,-0.608659,-9.555159,0.039270,1,1,1,1
1.116000,0.004000,0.521863,0.211872,-0.732089,-9.833785,0.086069,1,1,1,1
1.120000,0.004000,0.529667,0.172125,-0.506186,-9.775698,0.116775,1,1,1,1
1.124000,0.004000,0.510513,0.233104,-0.751319,-9.765601,0.086316,1,1,1,1
1.128000,0.004000,0.523811,0.152968,-0.431794,-9.826258,0.108138,1,1,1,1
1.132000,0.004000,0.504459,0.195800,-0.571069,-9.788536,0.106338,1,1,1,1
1.136000,0.004000,0.536243,0.182308,-0.401901,-9.783856,0.105573,1,1,1,1
1.140000,0.004000,0.550677,0.185540,-0.424897,-9.772721,0.090829,1,1,1,1
1.144000,0.004000,0.512301,0.188004,-0.775243,-9.818532,0.084546,1,1,1,1
1.148000,0.004000,0.491653,0.208862,-0.456638,-9.965394,0.091485,1,1,1,1
1.152000,0.004000,0.527268,0.142195,-0.595043,-9.680009,0.075538,1,1,1,1
1.156000,0.004000,0.522328,0.152997,-0.481986,-9.867051,0.075216,1,1,1,1
1.160000,0.004000,0.530489,0.187664,-0.544619,-9.889862,0.087304,1,1,1,1
1.164000,0.004000,0.528682,0.202705,-0.428419,-9.841620,0.143257,1,1,1,1
1.168000,0.004000,0.518981,0.178852,-0.508171,-9.715243,0.100033,1,1,1,1
1.172000,0.004000,0.500020,0.181390,-0.450435,-9.716186,0.096152,1,1,1,1
1.176000,0.004000,0.489710,0.189216,-0.671927,-9.758764,0.109318,1,1,1,1
1.180000,0.004000,0.500486,0.139107,-0.403882,-9.791437,0.099691,1,1,1,1
1.184000,0.004000,0.529413,0.202871,-0.502064,-9.887896,0.072114,1,1,1,1
1.188000,0.004000,0.531187,0.209357,-0.731411,-9.865083,0.101753,1,1,1,1
1.192000,0.004000,0.524827,0.239898,-0.496648,-9.602895,0.074609,1,1,1,1
1.196000,0.004000,0.542780,0.162767,-0.491759,-9.840458,0.074677,1,1,1,1
1.200000,0.004000,0.526940,0.196337,-0.740473,-9.626573,0.083060,1,1,1,1
1.204000,0.004000,0.511348,0.201517,-0.454229,-9.851233,0.095937,1,1,1,1
1.208000,0.004000,0.536222,0.222965,-0.485382,-9.909653,0.086663,1,1,1,1
1.212000,0.004000,0.518514,0.203151,-0.358896,-9.797099,0.110601,1,1,1,1
1.216000,0.004000,0.532004,0.207840,-0.789828,-9.841713,0.094662,1,1,1,1
1.220000,0.004000,0.528839,0.172509,-0.570744,-9.777955,0.053384,1,1,1,1
1.224000,0.004000,0.506045,0.188860,-0.818753,-9.736995,0.143115,1,1,1,1
1.228000,0.004000,0.512338,0.191812,-0.619446,-9.973895,0.070054,1,1,1,1
1.232000,0.004000,0.502539,0.172567,-0.595696,-9.704483,0.126519,1,1,1,1
1.236000,0.004000,0.542646,0.190448,-0.440439,-9.803681,0.116456,1,1,1,1
1.240000,0.004000,0.534393,0.184323,-0.534427,-9.754242,0.115734,1,1,1,1
1.244000,0.004000,0.528135,0.209425,-0.474397,-9.783328,0.108203,1,1,1,1
1.248000,0.004000,0.531431,0.164623,-0.719164,-9.779792,0.099047,1,1,1,1
1.252000,0.004000,0.516201,0.175234,-0.554449,-9.794895,0.138004,1,1,1,1
1.256000,0.004000,0.531236,0.179480,-0.492637,-9.786388,0.073880,1,1,1,1
1.260000,0.004000,0.491980,0.183416,-0.697622,-9.812488,0.132867,1,1,1,1
1.264000,0.004000,0.519309,0.195730,-0.491758,-9.917114,0.095651,1,1,1,1
1.268000,0.004000,0.544907,0.123196,-0.545378,-9.856608,0.126356,1,1,1,1
1.272000,0.004000,0.528199,0.171237,-0.842203,-9.865188,0.111586,1,1,1,1
1.276000,0.004000,0.517498,0.193519,-0.755577,-9.691605,0.053231,1,1,1,1
1.280000,0.004000,0.521705,0.195356,-0.405963,-9.800935,0.124505,1,1,1,1
1.284000,0.004000,0.525606,0.189603,-0.643459,-9.853081,0.080763,1,1,1,1
1.288000,0.004000,0.515652,0.206831,-0.653063,-9.657464,0.093424,1,1,1,1
1.292000,0.004000,0.517639,0.177716,-0.510589,-9.753168,0.069633,1,1,1,1
1.296000,0.004000,0.540687,0.166844,-0.475546,-9.759039,0.092660,1,1,1,1
1.300000,0.004000,0.519046,0.200547,-0.614539,-9.869368,0.127212,1,1,1,1
1.304000,0.004000,0.537636,0.212355,-0.499059,-9.812988,0.106155,1,1,1,1
1.308000,0.004000,0.532668,0.199061,-0.471223,-9.829430,0.078508,1,1,1,1
1.312000,0.004000,0.498598,0.190083,-0.712431,-9.907533,0.135263,1,1,1,1
1.316000,0.004000,0.531840,0.208790,-0.664923,-9.716407,0.098165,1,1,1,1
1.320000,0.004000,0.538145,0.171126,-0.609730,-9.838784,0.074625,1,1,1,1
1.324000,0.004000,0.528637,0.181689,-0.714098,-9.776271,0.081813,1,1,1,1
1.328000,0.004000,0.517978,0.205064,-0.561791,-9.881343,0.107983,1,1,1,1
1.332000,0.004000,0.535961,0.194766,-0.534308,-9.983725,0.118459,1,1,1,1
1.336000,0.004000,0.518266,0.188941,-0.823305,-9.680438,0.120008,1,1,1,1
1.340000,0.004000,0.509043,0.169070,-0.541595,-9.857089,0.063254,1,1,1,1
1.344000,0.004000,0.511164,0.159723,-0.425315,-9.748513,0.096201,1,1,1,1
1.348000,0.004000,0.530197,0.204328,-0.784720,-9.682684,0.069616,1,1,1,1
1.352000,0.004000,0.525824,0.141036,-0.561088,-9.891002,0.089644,1,1,1,1
1.356000,0.004000,0.553685,0.191396,-0.609943,-9.932939,0.084524,1,1,1,1
1.360000,0.004000,0.557924,0.177494,-0.437484,-9.876848,0.096360,1,1,1,1
1.364000,0.004000,0.550008,0.143362,-0.486790,-9.877221,0.101623,1,1,1,1
1.368000,0.004000,0.545704,0.217261,-0.688227,-9.944267,0.083917,1,1,1,1
1.372000,0.004000,0.521421,0.181125,-0.479064,-9.821721,0.077360,1,1,1,1
1.376000,0.004000,0.511315,0.155972,-0.553876,-9.674369,0.090130,1,1,1,1
1.380000,0.004000,0.499999,0.145211,-0.789698,-9.982026,0.072978,1,1,1,1
1.384000,0.004000,0.558145,0.159209,-0.814372,-9.745868,0.104357,1,1,1,1
1.388000,0.004000,0.536534,0.169503,-0.720314,-9.914433,0.111807,1,1,1,1
1.392000,0.004000,0.500861,0.143687,-0.728847,-9.836145,0.107877,1,1,1,1
1.396000,0.004000,0.520574,0.216683,-0.576361,-9.843052,0.135814,1,1,1,1
1.400000,0.004000,0.518783,0.194111,-0.568522,-9.931526,0.111540,1,1,1,1
1.404000,0.004000,0.522819,0.191382,-0.659519,-9.804211,0.149408,1,1,1,1
1.408000,0.004000,0.526968,0.181615,-0.717350,-9.656811,0.099535,1,1,1,1
1.412000,0.004000,0.512126,0.187905,-0.757490,-9.990814,0.096981,1,1,1,1
1.416000,0.004000,0.539993,0.215129,-0.585468,-9.636564,0.080955,1,1,1,1
1.420000,0.004000,0.522239,0.165300,-0.425344,-9.752162,0.081202,1,1,1,1
1.424000,0.004000,0.517437,0.209545,-0.585857,-9.830557,0.094330,1,1,1,1
1.428000,0.004000,0.517349,0.187064,-0.502810,-9.865910,0.117267,1,1,1,1
1.432000,0.004000,0.519023,0.160443,-0.594987,-9.903302,0.062708,1,1,1,1
1.436000,0.004000,0.499939,0.162960,-0.496820,-9.830515,0.091247,1,1,1,1
1.440000,0.004000,0.521633,0.153119,-0.575562,-9.722893,0.127215,1,1,1,1
1.444000,0.004000,0.527151,0.195803,-0.583728,-9.907401,0.089430,1,1,1,1
1.448000,0.004000,0.544915,0.206705,-0.781894,-9.823466,0.108708,1,1,1,1
1.452000,0.004000,0.538371,0.126229,-0.434484,-9.888553,0.112513,1,1,1,1
1.456000,0.004000,0.525843,0.224721,-0.699653,-9.881544,0.094284,1,1,1,1
1.460000,0.004000,0.484964,0.170850,-0.727610,-9.643940,0.081812,1,1,1,1
1.464000,0.004000,0.512597,0.157134,-0.702262,-9.841994,0.159236,1,1,1,1
1.468000,0.004000,0.511650,0.194015,-0.492822,-9.767737,0.084711,1,1,1,1
1.472000,0.004000,0.552346,0.190114,-0.506354,-9.789136,0.122580,1,1,1,1
1.476000,0.004000,0.519588,0.184080,-0.445614,-9.833868,0.072485,1,1,1,1
1.480000,0.004000,0.522801,0.174188,-0.742205,-9.640445,0.144399,1,1,1,1
1.484000,0.004000,0.506995,0.194351,-0.684656,-9.752202,0.072491,1,1,1,1
1.488000,0.004000,0.534760,0.199030,-0.843842,-9.552973,0.072300,1,1,1,1
1.492000,0.004000,0.533632,0.209930,-0.772133,-9.906115,0.091879,1,1,1,1
1.496000,0.004000,0.535321,0.166222,-0.707944,-9.948845,0.062297,1,1,1,1
1.500000,0.004000,0.523944,0.165725,-0.592040,-9.711795,0.114601,1,1,1,1
1.504000,0.004000,0.544945,0.179983,-0.877093,-9.956082,0.108926,1,1,1,1
1.508000,0.004000,0.502183,0.173028,-0.613180,-9.652195,0.109504,1,1,1,1
1.512000,0.004000,0.558577,0.215915,-1.055658,-9.970260,0.096672,1,1,1,1
1.516000,0.004000,0.525990,0.182176,-0.721950,-9.753542,0.098073,1,1,1,1
1.520000,0.004000,0.532316,0.174429,-0.483260,-9.909697,0.125429,1,1,1,1
1.524000,0.004000,0.527086,0.163325,-0.790169,-9.851566,0.096350,1,1,1,1
1.528000,0.004000,0.495287,0.135419,-0.579595,-9.712882,0.098947,1,1,1,1
1.532000,0.004000,0.538997,0.158984,-0.503160,-9.830169,0.094924,1,1,1,1
1.536000,0.004000,0.538042,0.189368,-0.527771,-9.641106,0.103378,1,1,1,1
1.540000,0.004000,0.501364,0.172384,-0.608854,-9.626595,0.114181,1,1,1,1
1.544000,0.004000,0.529272,0.180835,-0.534226,-9.827306,0.072284,1,1,1,1
1.548000,0.004000,0.524220,0.199415,-0.594156,-9.884479,0.094238,1,1,1,1
1.552000,0.004000,0.514323,0.165565,-0.760848,-9.955252,0.102662,1,1,1,1
1.556000,0.004000,0.538633,0.202681,-0.774521,-9.737847,0.095760,1,1,1,1
1.560000,0.004000,0.525352,0.168264,-0.820577,-9.680295,0.134561,1,1,1,1
1.564000,0.004000,0.539992,0.157977,-0.650287,-9.753754,0.110638,1,1,1,1
1.568000,0.004000,0.517292,0.184708,-0.754317,-9.722180,0.068229,1,1,1,1
1.572000,0.004000,0.540373,0.174901,-0.761232,-9.712543,0.095140,1,1,1,1
1.576000,0.004000,0.531570,0.161235,-0.524236,-9.651588,0.104899,1,1,1,1
1.580000,0.004000,0.551223,0.181743,-0.657613,-9.909367,0.060958,1,1,1,1
1.584000,0.004000,0.519888,0.231399,-0.726875,-9.766963,0.082115,1,1,1,1
1.588000,0.004000,0.550274,0.150555,-0.891617,-9.764670,0.120927,1,1,1,1
1.592000,0.004000,0.533589,0.231954,-0.532936,-9.968687,0.109132,1,1,1,1
1.596000,0.004000,0.542879,0.181671,-0.697533,-9.907266,0.127243,1,1,1,1
1.600000,0.004000,0.549504,0.183187,-0.915103,-9.791189,0.082128,1,1,1,1
1.604000,0.004000,0.543175,0.172908,-0.789789,-9.642896,0.081888,1,1,1,1
1.608000,0.004000,0.525509,0.174857,-0.486210,-9.930019,0.119780,1,1,1,1
1.612000,0.004000,0.545190,0.205035,-0.533330,-9.774612,0.124884,1,1,1,1
1.616000,0.004000,0.527920,0.180504,-0.590658,-9.720127,0.104173,1,1,1,1
1.620000,0.004000,0.525098,0.164866,-0.652952,-9.752820,0.056173,1,1,1,1
1.624000,0.004000,0.535723,0.160642,-0.673655,-9.874814,0.117871,1,1,1,1
1.628000,0.004000,0.516033,0.202615,-0.883909,-9.829771,0.119006,1,1,1,1
1.632000,0.004000,0.515508,0.198125,-0.731173,-9.658394,0.091066,1,1,1,1
1.636000,0.004000,0.540656,0.208077,-0.467167,-9.878486,0.092649,1,1,1,1
1.640000,0.004000,0.557912,0.161034,-0.676489,-9.854006,0.123607,1,1,1,1
1.644000,0.004000,0.547852,0.206412,-0.513844,-9.695010,0.102544,1,1,1,1
1.648000,0.004000,0.543261,0.159914,-0.681476,-9.864762,0.103297,1,1,1,1
1.652000,0.004000,0.517070,0.194180,-0.686586,-9.827252,0.123443,1,1,1,1
1.656000,0.004000,0.530947,0.174948,-0.941445,-9.846337,0.080002,1,1,1,1
1.660000,0.004000,0.542680,0.220269,-0.856013,-9.756226,0.076977,1,1,1,1
1.664000,0.004000,0.521310,0.236638,-0.650161,-9.713384,0.100310,1,1,1,1
1.668000,0.004000,0.550356,0.156325,-0.710254,-9.829601,0.087010,1,1,1,1
1.672000,0.004000,0.537769,0.144365,-0.853891,-9.715890,0.114863,1,1,1,1
1.676000,0.004000,0.538163,0.158092,-0.680439,-9.876905,0.106255,1,1,1,1
1.680000,0.004000,0.523767,0.196715,-0.646708,-9.782414,0.119508,1,1,1,1
1.684000,0.004000,0.523110,0.199515,-0.664223,-9.914259,0.106100,1,1,1,1
1.688000,0.004000,0.547343,0.178160,-0.620998,-9.748443,0.082432,1,1,1,1
1.692000,0.004000,0.547416,0.148763,-0.927978,-9.650956,0.108302,1,1,1,1
1.696000,0.004000,0.530125,0.202337,-0.686015,-9.648445,0.086817,1,1,1,1
1.700000,0.004000,0.530618,0.140581,-0.519151,-9.794064,0.107064,1,1,1,1
1.704000,0.004000,0.533014,0.185382,-0.928324,-9.754771,0.119539,1,1,1,1
1.708000,0.004000,0.550992,0.201929,-0.619558,-9.804410,0.100533,1,1,1,1
1.712000,0.004000,0.532634,0.178554,-0.552744,-9.507595,0.117637,1,1,1,1
1.716000,0.004000,0.525908,0.196134,-0.761570,-9.867059,0.112974,1,1,1,1
1.720000,0.004000,0.524251,0.210245,-0.785832,-9.828424,0.106772,1,1,1,1
1.724000,0.004000,0.553615,0.160918,-0.889117,-9.767590,0.112710,1,1,1,1
1.728000,0.004000,0.549614,0.188004,-0.612356,-9.723597,0.099425,1,1,1,1
1.732000,0.004000,0.542452,0.212642,-0.632974,-9.807059,0.099343,1,1,1,1
1.736000,0.004000,0.525328,0.196528,-0.735137,-9.783415,0.103855,1,1,1,1
1.740000,0.004000,0.542848,0.178077,-0.814070,-9.726342,0.088461,1,1,1,1
1.744000,0.004000,0.539887,0.179982,-0.836667,-9.685841,0.088803,1,1,1,1
1.748000,0.004000,0.541808,0.154048,-0.758912,-9.834924,0.071883,1,1,1,1
1.752000,0.004000,0.535570,0.174862,-0.895612,-9.957817,0.076033,1,1,1,1
1.756000,0.004000,0.536301,0.129673,-0.566239,-9.764107,0.120805,1,1,1,1
1.760000,0.004000,0.529960,0.165691,-0.696670,-9.675557,0.119064,1,1,1,1
1.764000,0.004000,0.553905,0.146275,-0.771133,-9.889386,0.109972,1,1,1,1
1.768000,0.004000,0.532116,0.154762,-0.663396,-10.084045,0.101326,1,1,1,1
1.772000,0.004000,0.521680,0.176341,-0.635475,-9.754287,0.112195,1,1,1,1
1.776000,0.004000,0.550968,0.148804,-1.089920,-9.728659,0.075447,1,1,1,1
1.780000,0.004000,0.526442,0.160156,-0.616279,-9.605325,0.078583,1,1,1,1
1.784000,0.004000,0.528459,0.151994,-0.654199,-9.955205,0.094893,1,1,1,1
1.788000,0.004000,0.518485,0.150651,-0.689775,-9.785293,0.079796,1,1,1,1
1.792000,0.004000,0.551594,0.173833,-0.743597,-9.816857,0.109136,1,1,1,1
1.796000,0.004000,0.552949,0.164411,-0.698367,-9.890097,0.071826,1,1,1,1
1.800000,0.004000,0.530516,0.189523,-0.423474,-9.974196,0.090501,1,1,1,1
1.804000,0.004000,0.520991,0.184589,-0.632015,-10.049090,0.065151,1,1,1,1
1.808000,0.004000,0.541286,0.154340,-0.729113,-9.707746,0.096795,1,1,1,1
1.812000,0.004000,0.509196,0.201094,-0.788147,-9.708979,0.107823,1,1,1,1
1.816000,0.004000,0.563071,0.161630,-0.630096,-9.796293,0.086058,1,1,1,1
1.820000,0.004000,0.551106,0.155840,-0.589060,-9.906433,0.063950,1,1,1,1
1.824000,0.004000,0.539053,0.201691,-0.700431,-9.702378,0.089477,1,1,1,1
1.828000,0.004000,0.512768,0.192646,-0.599472,-9.755294,0.082120,1,1,1,1
1.832000,0.004000,0.554841,0.176787,-0.853556,-9.765144,0.124388,1,1,1,1
1.836000,0.004000,0.550841,0.201012,-0.636293,-9.755018,0.120264,1,1,1,1
1.840000,0.004000,0.548998,0.159931,-0.649460,-9.688338,0.122094,1,1,1,1
1.844000,0.004000,0.533135,0.175100,-0.887500,-9.832431,0.096347,1,1,1,1
1.848000,0.004000,0.520268,0.176106,-0.710661,-9.987203,0.122692,1,1,1,1
1.852000,0.004000,0.562003,0.183541,-0.500989,-9.745252,0.110859,1,1,1,1
1.856000,0.004000,0.537872,0.197438,-0.680653,-9.603624,0.084916,1,1,1,1
1.860000,0.004000,0.556543,0.120429,-0.669194,-9.770310,0.089095,1,1,1,1
1.864000,0.004000,0.509550,0.136799,-0.732159,-9.751363,0.113317,1,1,1,1
1.868000,0.004000,0.509660,0.203651,-0.966332,-9.697396,0.095930,1,1,1,1
1.872000,0.004000,0.541582,0.183207,-0.489054,-9.658742,0.097847,1,1,1,1
1.876000,0.004000,0.527883,0.141375,-0.749552,-9.482438,0.105121,1,1,1,1
1.880000,0.004000,0.541241,0.142934,-0.573979,-9.872332,0.101837,1,1,1,1
1.884000,0.004000,0.517191,0.158400,-0.727129,-9.749155,0.097904,1,1,1,1
1.888000,0.004000,0.540915,0.207239,-0.753470,-9.762966,0.138972,1,1,1,1
1.892000,0.004000,0.554406,0.165779,-0.938424,-9.759811,0.130583,1,1,1,1
1.896000,0.004000,0.518125,0.141407,-0.718178,-9.847671,0.096378,1,1,1,1
1.900000,0.004000,0.523744,0.179366,-0.760826,-9.755900,0.099507,1,1,1,1
1.904000,0.004000,0.539495,0.176222,-0.794647,-9.757147,0.130132,1,1,1,1
1.908000,0.004000,0.556732,0.180091,-0.665985,-9.764067,0.116066,1,1,1,1
1.912000,0.004000,0.531450,0.173637,-0.815207,-9.744359,0.090493,1,1,1,1
1.916000,0.004000,0.514181,0.160529,-0.937057,-9.682176,0.083526,1,1,1,1
1.920000,0.004000,0.524668,0.151392,-0.817366,-9.912034,0.112989,1,1,1,1
1.924000,0.004000,0.540478,0.167307,-0.657992,-9.690917,0.090832,1,1,1,1
1.928000,0.004000,0.534756,0.156769,-0.689254,-9.743895,0.119449,1,1,1,1
1.932000,0.004000,0.540275,0.188919,-0.726976,-9.677370,0.101712,1,1,1,1
1.936000,0.004000,0.555553,0.165485,-0.663166,-9.768754,0.094482,1,1,1,1
1.940000,0.004000,0.555437,0.188650,-0.438887,-9.772675,0.118709,1,1,1,1
1.944000,0.004000,0.534959,0.158962,-0.999060,-9.703912,0.105996,1,1,1,1
1.948000,0.004000,0.524790,0.142700,-0.542685,-9.702866,0.104124,1,1,1,1
1.952000,0.004000,0.526193,0.193294,-1.173386,-9.719568,0.091264,1,1,1,1
1.956000,0.004000,0.552352,0.153079,-0.448992,-9.761447,0.076244,1,1,1,1
1.960000,0.004000,0.530734,0.137624,-0.774492,-9.745711,0.079286,1,1,1,1
1.964000,0.004000,0.545084,0.161564,-0.664161,-9.691811,0.090093,1,1,1,1
1.968000,0.004000,0.551707,0.138733,-0.649156,-9.825158,0.067577,1,1,1,1
1.972000,0.004000,0.538682,0.142818,-0.809435,-9.781666,0.033514,1,1,1,1
1.976000,0.004000,0.556602,0.160011,-0.878646,-9.642732,0.092432,1,1,1,1
1.980000,0.004000,0.552374,0.163474,-0.670582,-9.741362,0.121058,1,1,1,1
1.984000,0.004000,0.549863,0.121311,-0.734186,-9.825375,0.091823,1,1,1,1
1.988000,0.004000,0.544173,0.168065,-0.754192,-9.662624,0.100807,1,1,1,1
1.992000,0.004000,0.564736,0.168990,-0.875373,-9.900562,0.050590,1,1,1,1
1.996000,0.004000,0.527329,0.138110,-0.700948,-9.811447,0.083841,1,1,1,1
2.000000,0.004000,0.527274,0.179531,-0.946250,-9.864983,0.103566,1,1,1,1
2.004000,0.004000,0.541827,0.158595,-0.878956,-9.760467,0.075495,1,1,1,1
2.008000,0.004000,0.538020,0.171625,-0.860482,-9.657168,0.085388,1,1,1,1
2.012000,0.004000,0.542426,0.132112,-0.684739,-9.842318,0.113296,1,1,1,1
2.016000,0.004000,0.556504,0.183496,-0.525694,-9.780528,0.082906,1,1,1,1
2.020000,0.004000,0.535573,0.128650,-0.765010,-9.705408,0.070981,1,1,1,1
2.024000,0.004000,0.522352,0.194689,-0.787552,-9.859933,0.095341,1,1,1,1
2.028000,0.004000,0.537447,0.184030,-0.822617,-9.717533,0.112645,1,1,1,1
2.032000,0.004000,0.539164,0.150561,-0.849721,-9.810492,0.069191,1,1,1,1
2.036000,0.004000,0.540066,0.163314,-0.779222,-9.816662,0.135411,1,1,1,1
2.040000,0.004000,0.502053,0.177851,-0.854330,-9.645363,0.136842,1,1,1,1
2.044000,0.004000,0.555491,0.133856,-0.732879,-9.836451,0.095584,1,1,1,1
2.048000,0.004000,0.544219,0.188803,-0.858696,-9.889874,0.103570,1,1,1,1
2.052000,0.004000,0.532540,0.173452,-0.734391,-9.891072,0.088194,1,1,1,1
2.056000,0.004000,0.558407,0.165315,-0.595914,-9.805250,0.083240,1,1,1,1
2.060000,0.004000,0.524596,0.140684,-0.770956,-9.806445,0.104944,1,1,1,1
2.064000,0.004000,0.553325,0.189433,-0.821565,-9.772473,0.133047,1,1,1,1
2.068000,0.004000,0.554352,0.124807,-1.160052,-9.768641,0.073104,1,1,1,1
2.072000,0.004000,0.530083,0.142426,-0.972005,-9.686685,0.103545,1,1,1,1
2.076000,0.004000,0.536597,0.159065,-0.829003,-9.868355,0.107015,1,1,1,1
2.080000,0.004000,0.538703,0.164098,-0.834300,-9.776734,0.094295,1,1,1,1
2.084000,0.004000,0.530099,0.151572,-0.827444,-9.664051,0.070331,1,1,1,1
2.088000,0.004000,0.516961,0.120056,-0.735772,-9.798017,0.102185,1,1,1,1
2.092000,0.004000,0.522487,0.135749,-0.753197,-9.689864,0.104864,1,1,1,1
2.096000,0.004000,0.528551,0.167092,-0.762956,-9.853322,0.081259,1,1,1,1
2.100000,0.004000,0.514025,0.201839,-0.657039,-9.751699,0.055854,1,1,1,1
2.104000,0.004000,0.562398,0.193314,-0.890871,-9.870935,0.117416,1,1,1,1
2.108000,0.004000,0.560263,0.157702,-0.888235,-9.666971,0.098844,1,1,1,1
2.112000,0.004000,0.557111,0.165525,-0.973760,-9.750549,0.094897,1,1,1,1
2.116000,0.004000,0.504247,0.187726,-0.860174,-9.963283,0.102641,1,1,1,1
2.120000,0.004000,0.544759,0.178897,-0.817604,-9.903616,0.038578,1,1,1,1
2.124000,0.004000,0.522348,0.151947,-0.838800,-9.801783,0.094789,1,1,1,1
2.128000,0.004000,0.549010,0.125805,-1.104613,-9.800601,0.130420,1,1,1,1
2.132000,0.004000,0.559639,0.156101,-0.747764,-9.746713,0.113639,1,1,1,1
2.136000,0.004000,0.527291,0.147280,-0.665820,-9.591819,0.075500,1,1,1,1
2.140000,0.004000,0.535174,0.144991,-0.879183,-9.788034,0.085834,1,1,1,1
2.144000,0.004000,0.541436,0.161332,-1.009335,-9.793792,0.032764,1,1,1,1
2.148000,0.004000,0.524448,0.172757,-0.853030,-9.657625,0.096933,1,1,1,1
2.152000,0.004000,0.546712,0.166727,-0.780146,-9.898386,0.094263,1,1,1,1
2.156000,0.004000,0.578614,0.202874,-0.880902,-9.782917,0.095948,1,1,1,1
2.160000,0.004000,0.552769,0.142364,-1.166509,-9.787049,0.047300,1,1,1,1
2.164000,0.004000,0.544595,0.134475,-0.708769,-9.683500,0.107316,1,1,1,1
2.168000,0.004000,0.572696,0.178960,-0.879992,-9.935129,0.101991,1,1,1,1
2.172000,0.004000,0.551239,0.172023,-0.801209,-9.866918,0.122852,1,1,1,1
2.176000,0.004000,0.532501,0.173067,-0.852848,-9.780836,0.065167,1,1,1,1
2.180000,0.004000,0.550702,0.201345,-0.995397,-9.838412,0.143419,1,1,1,1
2.184000,0.004000,0.536300,0.123789,-1.038311,-9.743500,0.066991,1,1,1,1
2.188000,0.004000,0.545230,0.163677,-0.917722,-9.806026,0.066258,1,1,1,1
2.192000,0.004000,0.545756,0.146502,-0.824191,-9.688867,0.110098,1,1,1,1
2.196000,0.004000,0.535014,0.165455,-0.893759,-9.629860,0.083570,1,1,1,1
2.200000,0.004000,0.532215,0.157216,-0.827582,-9.751992,0.075036,1,1,1,1
2.204000,0.004000,0.539270,0.184031,-0.667494,-9.720326,0.103658,1,1,1,1
2.208000,0.004000,0.532321,0.140935,-0.746508,-9.778479,0.095418,1,1,1,1
2.212000,0.004000,0.565523,0.163571,-0.740890,-10.009034,0.083329,1,1,1,1
2.216000,0.004000,0.545559,0.196021,-0.995648,-9.841314,0.091637,1,1,1,1
2.220000,0.004000,0.519568,0.172374,-1.014104,-9.887905,0.108361,1,1,1,1
2.224000,0.004000,0.538896,0.165619,-0.930135,-9.760891,0.095404,1,1,1,1
2.228000,0.004000,0.557580,0.134439,-0.721984,-9.804315,0.082107,1,1,1,1
2.232000,0.004000,0.554319,0.187312,-0.717886,-9.895786,0.091714,1,1,1,1
2.236000,0.004000,0.556010,0.206409,-0.823947,-9.714858,0.100918,1,1,1,1
2.240000,0.004000,0.556207,0.184199,-1.027621,-9.811649,0.102544,1,1,1,1
2.244000,0.004000,0.564766,0.158291,-0.635464,-9.751037,0.057486,1,1,1,1
2.248000,0.004000,0.517030,0.149060,-0.638610,-9.800625,0.066467,1,1,1,1
2.252000,0.004000,0.553169,0.180507,-0.838773,-9.649748,0.086801,1,1,1,1
2.256000,0.004000,0.552508,0.143230,-0.820362,-9.900473,0.076360,1,1,1,1
2.260000,0.004000,0.507225,0.171508,-0.787722,-9.886476,0.092553,1,1,1,1
2.264000,0.004000,0.549023,0.161021,-1.010077,-9.657411,0.064761,1,1,1,1
2.268000,0.004000,0.539870,0.123334,-0.981499,-9.808023,0.096746,1,1,1,1
2.272000,0.004000,0.572481,0.144123,-0.732845,-9.715791,0.100826,1,1,1,1
2.276000,0.004000,0.558965,0.192350,-0.941738,-9.641107,0.062375,1,1,1,1
2.280000,0.004000,0.554370,0.169127,-0.859444,-9.741608,0.067864,1,1,1,1
2.284000,0.004000,0.578110,0.167061,-0.909128,-9.802293,0.072040,1,1,1,1
2.288000,0.004000,0.538739,0.153946,-0.625580,-9.753790,0.087598,1,1,1,1
2.292000,0.004000,0.543103,0.132313,-1.002550,-9.953010,0.024928,1,1,1,1
2.296000,0.004000,0.585918,0.185733,-0.878452,-9.693199,0.037740,1,1,1,1
2.300000,0.004000,0.537617,0.153284,-1.094571,-9.704945,0.103854,1,1,1,1
2.304000,0.004000,0.551146,0.134540,-0.909470,-9.754566,0.055405,1,1,1,1
2.308000,0.004000,0.548857,0.152698,-1.014560,-9.784661,0.076998,1,1,1,1
2.312000,0.004000,0.553261,0.091638,-0.940110,-9.932792,0.077401,1,1,1,1
2.316000,0.004000,0.561599,0.138906,-0.812309,-9.810760,0.070084,1,1,1,1
2.320000,0.004000,0.546623,0.128150,-0.790914,-9.611167,0.068124,1,1,1,1
2.324000,0.004000,0.556476,0.142240,-0.889960,-9.569540,0.056306,1,1,1,1
2.328000,0.004000,0.539071,0.173531,-0.958475,-9.828404,0.074419,1,1,1,1
2.332000,0.004000,0.540161,0.177844,-1.021855,-9.720401,0.097133,1,1,1,1
2.336000,0.004000,0.567210,0.131156,-0.922396,-9.926062,0.068576,1,1,1,1
2.340000,0.004000,0.550077,0.200924,-0.975787,-9.827170,0.074569,1,1,1,1
2.344000,0.004000,0.562621,0.163837,-0.749913,-9.702969,0.065836,1,1,1,1
2.348000,0.004000,0.548890,0.134079,-1.082090,-10.035370,0.037125,1,1,1,1
2.352000,0.004000,0.558885,0.165786,-1.049509,-9.526833,0.064551,1,1,1,1
2.356000,0.004000,0.544401,0.143338,-0.862051,-9.633764,0.095108,1,1,1,1
2.360000,0.004000,0.577809,0.135113,-0.858272,-9.701501,0.048007,1,1,1,1
2.364000,0.004000,0.555074,0.150972,-1.192288,-9.881650,0.032061,1,1,1,1
2.368000,0.004000,0.536189,0.142893,-0.954057,-9.726552,0.051190,1,1,1,1
2.372000,0.004000,0.537052,0.123588,-0.953803,-9.812224,0.078684,1,1,1,1
2.376000,0.004000,0.528135,0.178179,-1.039432,-9.893846,0.066194,1,1,1,1
2.380000,0.004000,0.510189,0.141436,-0.947812,-9.703604,0.008192,1,1,1,1
2.384000,0.004000,0.550830,0.189226,-0.783166,-9.760456,0.048772,1,1,1,1
2.388000,0.004000,0.536931,0.164367,-0.845279,-9.613005,0.043275,1,1,1,1
2.392000,0.004000,0.532909,0.117847,-0.870886,-9.959338,0.060589,1,1,1,1
2.396000,0.004000,0.542296,0.134821,-0.900427,-9.844630,0.054097,1,1,1,1
2.400000,0.004000,0.539803,0.154404,-0.921203,-9.568396,0.057685,1,1,1,1
2.404000,0.004000,0.524076,0.138858,-1.036134,-9.680774,0.062077,1,1,1,1
2.408000,0.004000,0.551299,0.179442,-0.635657,-9.925652,0.057469,1,1,1,1
2.412000,0.004000,0.543197,0.130118,-0.746075,-9.763728,0.069830,1,1,1,1
2.416000,0.004000,0.544649,0.097143,-0.801804,-9.727060,0.087505,1,1,1,1
2.420000,0.004000,0.533906,0.124291,-0.822479,-9.719643,0.063043,1,1,1,1
2.424000,0.004000,0.543150,0.170640,-0.603007,-9.814016,0.075904,1,1,1,1
2.428000,0.004000,0.554259,0.131331,-0.678842,-9.792372,0.113672,1,1,1,1
2.432000,0.004000,0.524875,0.165184,-0.800770,-9.798944,0.046046,1,1,1,1
2.436000,0.004000,0.523687,0.138737,-0.823624,-9.894619,0.026525,1,1,1,1
2.440000,0.004000,0.551328,0.171361,-0.834007,-9.722670,0.075466,1,1,1,1
2.444000,0.004000,0.565838,0.157917,-1.139532,-9.556185,0.069265,1,1,1,1
2.448000,0.004000,0.548558,0.119426,-0.891815,-9.796409,0.070366,1,1,1,1
2.452000,0.004000,0.533931,0.151298,-0.789602,-9.731885,0.067856,1,1,1,1
2.456000,0.004000,0.564455,0.134520,-0.897430,-9.707316,0.107151,1,1,1,1
2.460000,0.004000,0.582129,0.165756,-0.939759,-9.692986,0.064527,1,1,1,1
2.464000,0.004000,0.552908,0.145826,-0.974749,-9.748054,0.071329,1,1,1,1
2.468000,0.004000,0.557074,0.113945,-0.568943,-9.937213,0.026952,1,1,1,1
2.472000,0.004000,0.563664,0.165941,-0.945402,-9.619168,0.084360,1,1,1,1
2.476000,0.004000,0.531159,0.162421,-1.270895,-9.702215,0.067752,1,1,1,1
2.480000,0.004000,0.544282,0.119420,-0.938474,-9.816471,0.037989,1,1,1,1
2.484000,0.004000,0.568635,0.122231,-1.130193,-9.787097,0.044501,1,1,1,1
2.488000,0.004000,0.555018,0.121047,-0.971475,-9.896611,0.042712,1,1,1,1
2.492000,0.004000,0.551863,0.152788,-0.714991,-9.674736,0.065641,1,1,1,1
2.496000,0.004000,0.535517,0.155693,-1.020028,-9.763297,0.042489,1,1,1,1
2.500000,0.004000,0.537407,0.146430,-0.845257,-9.739079,0.078105,1,1,1,1
2.504000,0.004000,0.557040,0.157137,-0.995966,-9.769095,0.070865,1,1,1,1
2.508000,0.004000,0.552315,0.161163,-0.766578,-9.704706,0.070933,1,1,1,1
2.512000,0.004000,0.559153,0.144971,-1.056006,-9.703115,0.065485,1,1,1,1
2.516000,0.004000,0.563352,0.144900,-0.928734,-9.764928,0.061131,1,1,1,1
2.520000,0.004000,0.539128,0.144900,-0.840028,-9.783302,0.055042,1,1,1,1
2.524000,0.004000,0.542438,0.108807,-0.819608,-9.771875,0.042943,1,1,1,1
2.528000,0.004000,0.526745,0.165230,-0.743399,-9.819105,0.064203,1,1,1,1
2.532000,0.004000,0.553729,0.143871,-0.961798,-9.774319,0.034898,1,1,1,1
2.536000,0.004000,0.556225,0.108811,-0.800799,-9.829062,0.088405,1,1,1,1
2.540000,0.004000,0.528936,0.163975,-0.902142,-9.804652,0.047553,1,1,1,1
2.544000,0.004000,0.544393,0.159007,-0.940430,-9.647748,0.043660,1,1,1,1
2.548000,0.004000,0.557391,0.143720,-0.687392,-9.838166,0.047854,1,1,1,1
2.552000,0.004000,0.540985,0.139757,-1.046034,-9.735665,0.046217,1,1,1,1
2.556000,0.004000,0.555635,0.140882,-0.676516,-9.883101,0.061624,1,1,1,1
2.560000,0.004000,0.549736,0.149626,-1.103903,-9.942080,0.082579,1,1,1,1
2.564000,0.004000,0.545855,0.190164,-0.895242,-9.745942,0.047721,1,1,1,1
2.568000,0.004000,0.562536,0.118507,-1.318068,-9.873883,0.054667,1,1,1,1
2.572000,0.004000,0.560766,0.134526,-0.787771,-9.757646,0.080835,1,1,1,1
2.576000,0.004000,0.555336,0.134202,-0.984592,-9.771191,0.073631,1,1,1,1
2.580000,0.004000,0.560481,0.143024,-1.131350,-9.657781,0.040258,1,1,1,1
2.584000,0.004000,0.538841,0.097907,-0.795347,-9.847918,0.082736,1,1,1,1
2.588000,0.004000,0.572209,0.153791,-0.996213,-9.654376,0.039272,1,1,1,1
2.592000,0.004000,0.533214,0.142085,-1.124097,-9.935295,0.060388,1,1,1,1
2.596000,0.004000,0.536218,0.150475,-1.031871,-9.919263,0.082906,1,1,1,1
2.600000,0.004000,0.511152,0.135291,-1.019981,-9.768861,0.051477,1,1,1,1
2.604000,0.004000,0.566924,0.182594,-0.795051,-9.591516,0.053234,1,1,1,1
2.608000,0.004000,0.556608,0.135523,-0.637393,-9.846550,0.035819,1,1,1,1
2.612000,0.004000,0.557085,0.161704,-0.964106,-9.899608,0.080928,1,1,1,1
2.616000,0.004000,0.566427,0.132175,-1.050753,-9.648711,0.081204,1,1,1,1
2.620000,0.004000,0.537339,0.077399,-0.994334,-9.710459,0.060864,1,1,1,1
2.624000,0.004000,0.542434,0.134473,-1.175353,-9.815213,0.071612,1,1,1,1
2.628000,0.004000,0.543594,0.118926,-0.850176,-9.683761,0.051664,1,1,1,1
2.632000,0.004000,0.566289,0.148888,-0.970555,-9.787283,0.028544,1,1,1,1
2.636000,0.004000,0.570925,0.190974,-0.943781,-9.962037,0.083064,1,1,1,1
2.640000,0.004000,0.550208,0.115930,-1.030046,-9.860890,0.069958,1,1,1,1
2.644000,0.004000,0.563254,0.126918,-0.710931,-9.887753,0.054536,1,1,1,1
2.648000,0.004000,0.558460,0.143084,-1.032524,-9.441742,0.038782,1,1,1,1
2.652000,0.004000,0.563628,0.134465,-0.956165,-9.836257,0.028414,1,1,1,1
2.656000,0.004000,0.529074,0.110311,-1.152074,-9.888597,0.027500,1,1,1,1
2.660000,0.004000,0.541365,0.184224,-0.898439,-9.896350,0.069625,1,1,1,1
2.664000,0.004000,0.560770,0.157924,-0.776698,-9.814998,0.047220,1,1,1,1
2.668000,0.004000,0.562561,0.142396,-0.836557,-9.929885,0.022227,1,1,1,1
2.672000,0.004000,0.547709,0.142836,-1.051749,-9.662920,0.058044,1,1,1,1
2.676000,0.004000,0.542778,0.150018,-1.014233,-9.679287,0.053812,1,1,1,1
2.680000,0.004000,0.531882,0.100039,-0.907777,-9.954025,0.004331,1,1,1,1
2.684000,0.004000,0.554749,0.130157,-0.688916,-9.726683,0.065860,1,1,1,1
2.688000,0.004000,0.555423,0.120229,-0.798490,-9.755389,0.049920,1,1,1,1
2.692000,0.004000,0.581162,0.135063,-0.812540,-9.611390,0.015417,1,1,1,1
2.696000,0.004000,0.544976,0.158724,-0.793004,-9.646467,0.048420,1,1,1,1
2.700000,0.004000,0.560417,0.138626,-0.869350,-9.846725,0.099960,1,1,1,1
2.704000,0.004000,0.575265,0.134967,-0.974393,-9.626829,0.076480,1,1,1,1
2.708000,0.004000,0.554008,0.096422,-1.085327,-9.611375,0.046313,1,1,1,1
2.712000,0.004000,0.574832,0.128569,-1.025190,-9.741637,0.054190,1,1,1,1
2.716000,0.004000,0.544559,0.108272,-0.856527,-9.773627,0.042417,1,1,1,1
2.720000,0.004000,0.540972,0.113047,-1.037461,-9.769222,0.046626,1,1,1,1
2.724000,0.004000,0.567275,0.105906,-1.141534,-9.892641,0.054023,1,1,1,1
2.728000,0.004000,0.564137,0.077960,-0.852968,-9.926480,0.056904,1,1,1,1
2.732000,0.004000,0.531197,0.174702,-1.032941,-9.897250,0.067539,1,1,1,1
2.736000,0.004000,0.568721,0.156758,-0.818679,-9.929318,0.035588,1,1,1,1
2.740000,0.004000,0.564553,0.111686,-0.728583,-9.721709,0.030053,1,1,1,1
2.744000,0.004000,0.574016,0.148874,-0.986508,-9.678338,-0.010420,1,1,1,1
2.748000,0.004000,0.561349,0.148343,-0.926430,-9.886743,0.018501,1,1,1,1
2.752000,0.004000,0.570591,0.123106,-0.947669,-9.677490,0.002852,1,1,1,1
2.756000,0.004000,0.565603,0.147314,-1.023369,-9.762307,0.058859,1,1,1,1
2.760000,0.004000,0.562861,0.129096,-0.985905,-9.783649,0.048243,1,1,1,1
2.764000,0.004000,0.562476,0.118319,-1.191808,-9.765372,0.026781,1,1,1,1
2.768000,0.004000,0.552443,0.179415,-0.827717,-9.741064,0.063547,1,1,1,1
2.772000,0.004000,0.573084,0.087956,-1.086630,-9.718131,0.019497,1,1,1,1
2.776000,0.004000,0.550724,0.192907,-1.084626,-9.820506,0.011221,1,1,1,1
2.780000,0.004000,0.551476,0.163215,-0.988870,-9.838527,0.048958,1,1,1,1
2.784000,0.004000,0.565047,0.142698,-1.080480,-9.900350,0.062558,1,1,1,1
2.788000,0.004000,0.561613,0.106982,-1.121618,-9.703997,0.051910,1,1,1,1
2.792000,0.004000,0.570997,0.144799,-0.769322,-10.010851,0.021644,1,1,1,1
2.796000,0.004000,0.560559,0.137895,-0.844631,-9.599188,0.068432,1,1,1,1
2.800000,0.004000,0.543994,0.106825,-0.946182,-9.721539,0.038622,1,1,1,1
2.804000,0.004000,0.542856,0.144831,-1.045280,-9.634055,0.023893,1,1,1,1
2.808000,0.004000,0.526377,0.114757,-1.058361,-9.726361,0.078483,1,1,1,1
2.812000,0.004000,0.525016,0.098022,-0.903210,-9.886870,-0.013794,1,1,1,1
2.816000,0.004000,0.571024,0.164776,-0.928807,-9.793956,0.023102,1,1,1,1
2.820000,0.004000,0.556299,0.152970,-1.320124,-9.838780,0.050962,1,1,1,1
2.824000,0.004000,0.584279,0.118689,-1.037056,-9.728609,0.050400,1,1,1,1
2.828000,0.004000,0.545264,0.123451,-1.033427,-9.760084,0.002401,1,1,1,1
2.832000,0.004000,0.552699,0.144737,-0.803470,-9.662831,0.018590,1,1,1,1
2.836000,0.004000,0.554768,0.136495,-1.213151,-9.699211,0.040439,1,1,1,1
2.840000,0.004000,0.595762,0.136489,-0.899137,-9.747231,0.046709,1,1,1,1
2.844000,0.004000,0.553699,0.116157,-0.756109,-9.737503,0.033673,1,1,1,1
2.848000,0.004000,0.537750,0.143435,-1.007132,-9.686407,0.020577,1,1,1,1
2.852000,0.004000,0.546739,0.130239,-1.082882,-9.762752,0.068367,1,1,1,1
2.856000,0.004000,0.563342,0.123657,-0.776952,-9.765179,0.030561,1,1,1,1
2.860000,0.004000,0.563396,0.136110,-0.935514,-9.744586,0.078927,1,1,1,1
2.864000,0.004000,0.557369,0.084909,-0.951098,-9.907628,0.030028,1,1,1,1
2.868000,0.004000,0.569276,0.117017,-1.233045,-9.702783,0.040769,1,1,1,1
2.872000,0.004000,0.560991,0.133109,-0.914807,-9.949643,0.033407,1,1,1,1
2.876000,0.004000,0.554765,0.143900,-1.071099,-9.768167,0.038960,1,1,1,1
2.880000,0.004000,0.566097,0.122950,-0.923879,-9.867864,0.032582,1,1,1,1
2.884000,0.004000,0.591044,0.148431,-1.177280,-9.672355,0.020450,1,1,1,1
2.888000,0.004000,0.542575,0.126526,-1.101339,-9.865065,0.002691,1,1,1,1
2.892000,0.004000,0.587281,0.113267,-0.955125,-9.550086,0.018100,1,1,1,1
2.896000,0.004000,0.538453,0.125253,-0.839942,-9.842677,0.032082,1,1,1,1
2.900000,0.004000,0.555281,0.114862,-1.097657,-9.739657,0.053015,1,1,1,1
2.904000,0.004000,0.567772,0.102872,-1.171210,-9.636980,0.010079,1,1,1,1
2.908000,0.004000,0.548517,0.119298,-1.202478,-9.754697,0.029986,1,1,1,1
2.912000,0.004000,0.571041,0.123801,-1.215532,-9.705422,0.036775,1,1,1,1
2.916000,0.004000,0.546614,0.086242,-1.064913,-9.901984,-0.007746,1,1,1,1
2.920000,0.004000,0.577269,0.143216,-1.079459,-9.833302,0.014247,1,1,1,1
2.924000,0.004000,0.537327,0.113544,-0.793472,-9.740674,0.015832,1,1,1,1
2.928000,0.004000,0.568487,0.126292,-1.198954,-9.721848,0.034927,1,1,1,1
2.932000,0.004000,0.578753,0.092088,-0.820067,-9.777779,0.025167,1,1,1,1
2.936000,0.004000,0.558080,0.130962,-1.265318,-9.701377,0.042969,1,1,1,1
2.940000,0.004000,0.558508,0.118915,-0.930832,-9.535418,-0.005112,1,1,1,1
2.944000,0.004000,0.564636,0.166297,-1.078903,-9.683384,0.028009,1,1,1,1
2.948000,0.004000,0.550885,0.118958,-1.260838,-9.766522,-0.031374,1,1,1,1
2.952000,0.004000,0.531905,0.124139,-1.228993,-9.741009,-0.009323,1,1,1,1
2.956000,0.004000,0.559125,0.135033,-0.875662,-9.770138,-0.001087,1,1,1,1
2.960000,0.004000,0.572714,0.151235,-1.085805,-9.673677,0.008907,1,1,1,1
2.964000,0.004000,0.583747,0.151496,-0.968898,-9.877472,0.014785,1,1,1,1
2.968000,0.004000,0.555490,0.109520,-1.107756,-9.890441,0.007230,1,1,1,1
2.972000,0.004000,0.556378,0.133617,-1.191622,-9.792935,0.015782,1,1,1,1
2.976000,0.004000,0.552954,0.116182,-0.750888,-9.730272,0.030255,1,1,1,1
2.980000,0.004000,0.560869,0.147551,-0.883648,-9.784835,0.027732,1,1,1,1
2.984000,0.004000,0.528599,0.135009,-0.872349,-9.803177,0.009037,1,1,1,1
2.988000,0.004000,0.551344,0.116926,-0.956260,-9.972142,0.023683,1,1,1,1
2.992000,0.004000,0.563515,0.136232,-1.040292,-9.774715,0.008104,1,1,1,1
2.996000,0.004000,0.536215,0.132274,-0.921202,-9.675712,-0.017489,1,1,1,1
