Optimal control state trajectory ( x, y, z, r, p, w, x_dot, y_dot, z_dot, r_dot, p_dot, w_dot )
0.050000,0.000000,0.100000,0.000000,0.000000,0.002500,0.000000,0.000000,0.000000,0.079057
0.050000,0.000000,0.100013,-0.000000,0.000000,0.004908,0.000395,0.000000,0.000000,0.102251
0.050000,0.000000,0.100037,0.000019,0.000000,0.007226,0.000907,0.000000,0.000000,0.108190
0.050000,0.000000,0.100073,0.000065,0.000000,0.009458,0.001447,0.000000,0.000000,0.108761
0.050000,0.000000,0.100120,0.000137,0.000000,0.011605,0.001991,0.000000,0.000000,0.107627
0.050001,0.000000,0.100178,0.000236,0.000000,0.013671,0.002529,0.000000,0.000000,0.105919
0.050002,0.000000,0.100247,0.000359,0.000000,0.015658,0.003059,0.000000,0.000000,0.103986
0.050004,0.000000,0.100325,0.000507,0.000000,0.017568,0.003579,0.000000,0.000000,0.101940
0.050007,0.000000,0.100413,0.000678,0.000000,0.019403,0.004089,0.000000,0.000000,0.099818
0.050010,0.000000,0.100510,0.000870,0.000000,0.021167,0.004588,0.000000,0.000000,0.097635
0.050014,0.000000,0.100616,0.001083,0.000000,0.022860,0.005076,0.000000,0.000000,0.095399
0.050020,0.000000,0.100730,0.001316,0.000000,0.024486,0.005553,0.000000,0.000000,0.093114
0.050026,0.000000,0.100853,0.001568,0.000000,0.026045,0.006018,0.000000,0.000000,0.090785
0.050034,0.000000,0.100983,0.001837,0.000000,0.027541,0.006472,0.000000,0.000000,0.088417
0.050043,0.000000,0.101120,0.002122,0.000000,0.028975,0.006914,0.000000,0.000000,0.086013
0.050054,0.000000,0.101265,0.002423,0.000000,0.030350,0.007345,0.000000,0.000000,0.083578
0.050066,0.000000,0.101417,0.002738,0.000000,0.031666,0.007762,0.000000,0.000000,0.081116
0.050080,0.000000,0.101575,0.003067,0.000000,0.032926,0.008168,0.000000,0.000000,0.078630
0.050095,0.000000,0.101740,0.003408,0.000000,0.034131,0.008561,0.000000,0.000000,0.076125
0.050112,0.000000,0.101911,0.003760,0.000000,0.035283,0.008942,0.000000,0.000000,0.073603
0.050131,0.000000,0.102087,0.004123,0.000000,0.036385,0.009310,0.000000,0.000000,0.071069
0.050152,0.000000,0.102269,0.004496,0.000000,0.037436,0.009665,0.000000,0.000000,0.068525
0.050174,0.000000,0.102456,0.004877,0.000000,0.038440,0.010008,0.000000,0.000000,0.065977
0.050198,0.000000,0.102648,0.005266,0.000000,0.039397,0.010338,0.000000,0.000000,0.063426
0.050225,0.000000,0.102845,0.005662,0.000000,0.040309,0.010655,0.000000,0.000000,0.060875
0.050253,0.000000,0.103047,0.006065,0.000000,0.041177,0.010959,0.000000,0.000000,0.058329
0.050283,0.000000,0.103253,0.006472,0.000000,0.042003,0.011251,0.000000,0.000000,0.055790
0.050316,0.000000,0.103463,0.006885,0.000000,0.042788,0.011530,0.000000,0.000000,0.053261
0.050350,0.000000,0.103677,0.007301,0.000000,0.043534,0.011796,0.000000,0.000000,0.050744
0.050387,0.000000,0.103894,0.007720,0.000000,0.044241,0.012050,0.000000,0.000000,0.048243
0.050425,0.000000,0.104116,0.008141,0.000000,0.044911,0.012291,0.000000,0.000000,0.045760
0.050466,0.000000,0.104340,0.008564,0.000000,0.045545,0.012520,0.000000,0.000000,0.043297
0.050509,0.000000,0.104568,0.008988,0.000000,0.046144,0.012736,0.000000,0.000000,0.040857
0.050554,0.000000,0.104799,0.009413,0.000000,0.046710,0.012941,0.000000,0.000000,0.038443
0.050601,0.000000,0.105032,0.009836,0.000000,0.047243,0.013133,0.000000,0.000000,0.036056
0.050650,0.000000,0.105268,0.010259,0.000000,0.047745,0.013313,0.000000,0.000000,0.033699
0.050701,0.000000,0.105507,0.010681,0.000000,0.048217,0.013482,0.000000,0.000000,0.031373
0.050755,0.000000,0.105748,0.011100,0.000000,0.048658,0.013638,0.000000,0.000000,0.029080
0.050810,0.000000,0.105992,0.011517,0.000000,0.049072,0.013784,0.000000,0.000000,0.026823
0.050868,0.000000,0.106237,0.011931,0.000000,0.049458,0.013918,0.000000,0.000000,0.024603
0.050927,0.000000,0.106484,0.012341,0.000000,0.049817,0.014041,0.000000,0.000000,0.022421
0.050989,0.000000,0.106733,0.012746,0.000000,0.050151,0.014153,0.000000,0.000000,0.020279
0.051053,0.000000,0.106984,0.013148,0.000000,0.050459,0.014254,0.000000,0.000000,0.018178
0.051119,0.000000,0.107236,0.013544,0.000000,0.050744,0.014345,0.000000,0.000000,0.016121
0.051186,0.000000,0.107490,0.013935,0.000000,0.051006,0.014426,0.000000,0.000000,0.014107
0.051256,0.000000,0.107745,0.014320,0.000000,0.051245,0.014496,0.000000,0.000000,0.012138
0.051328,0.000000,0.108001,0.014699,0.000000,0.051463,0.014557,0.000000,0.000000,0.010215
0.051401,0.000000,0.108259,0.015071,0.000000,0.051659,0.014608,0.000000,0.000000,0.008340
0.051476,0.000000,0.108517,0.015436,0.000000,0.051836,0.014650,0.000000,0.000000,0.006512
0.051554,0.000000,0.108776,0.015795,0.000000,0.051993,0.014683,0.000000,0.000000,0.004733
0.051633,0.000000,0.109036,0.016146,0.000000,0.052131,0.014706,0.000000,0.000000,0.003003
0.051713,0.000000,0.109297,0.016489,0.000000,0.052252,0.014721,0.000000,0.000000,0.001323
0.051796,0.000000,0.109558,0.016824,0.000000,0.052354,0.014728,0.000000,0.000000,-0.000307
0.051880,0.000000,0.109820,0.017152,0.000000,0.052440,0.014726,0.000000,0.000000,-0.001886
0.051966,0.000000,0.110082,0.017471,0.000000,0.052510,0.014717,0.000000,0.000000,-0.003413
0.052053,0.000000,0.110345,0.017781,0.000000,0.052564,0.014700,0.000000,0.000000,-0.004890
0.052142,0.000000,0.110607,0.018082,0.000000,0.052603,0.014675,0.000000,0.000000,-0.006314
0.052232,0.000000,0.110870,0.018375,0.000000,0.052627,0.014644,0.000000,0.000000,-0.007687
0.052324,0.000000,0.111133,0.018659,0.000000,0.052637,0.014605,0.000000,0.000000,-0.009008
0.052418,0.000000,0.111397,0.018933,0.000000,0.052634,0.014560,0.000000,0.000000,-0.010277
0.052512,0.000000,0.111660,0.019199,0.000000,0.052618,0.014509,0.000000,0.000000,-0.011494
0.052608,0.000000,0.111923,0.019455,0.000000,0.052589,0.014451,0.000000,0.000000,-0.012660
0.052705,0.000000,0.112186,0.019701,0.000000,0.052548,0.014388,0.000000,0.000000,-0.013774
0.052804,0.000000,0.112449,0.019939,0.000000,0.052496,0.014319,0.000000,0.000000,-0.014837
0.052904,0.000000,0.112711,0.020166,0.000000,0.052432,0.014245,0.000000,0.000000,-0.015849
0.053004,0.000000,0.112973,0.020384,0.000000,0.052358,0.014166,0.000000,0.000000,-0.016811
0.053106,0.000000,0.113235,0.020593,0.000000,0.052273,0.014082,0.000000,0.000000,-0.017723
0.053209,0.000000,0.113496,0.020792,0.000000,0.052179,0.013993,0.000000,0.000000,-0.018585
0.053313,0.000000,0.113757,0.020982,0.000000,0.052075,0.013900,0.000000,0.000000,-0.019399
0.053418,0.000000,0.114018,0.021162,0.000000,0.051962,0.013803,0.000000,0.000000,-0.020164
0.053524,0.000000,0.114277,0.021332,0.000000,0.051840,0.013702,0.000000,0.000000,-0.020881
0.053631,0.000000,0.114537,0.021493,0.000000,0.051709,0.013598,0.000000,0.000000,-0.021551
0.053738,0.000000,0.114795,0.021645,0.000000,0.051571,0.013490,0.000000,0.000000,-0.022174
0.053846,0.000000,0.115053,0.021788,0.000000,0.051425,0.013379,0.000000,0.000000,-0.022752
0.053955,0.000000,0.115310,0.021921,0.000000,0.051271,0.013266,0.000000,0.000000,-0.023284
0.054065,0.000000,0.115567,0.022045,0.000000,0.051110,0.013149,0.000000,0.000000,-0.023773
0.054175,0.000000,0.115822,0.022160,0.000000,0.050943,0.013030,0.000000,0.000000,-0.024218
0.054286,0.000000,0.116077,0.022266,0.000000,0.050769,0.012909,0.000000,0.000000,-0.024621
0.054397,0.000000,0.116331,0.022363,0.000000,0.050589,0.012786,0.000000,0.000000,-0.024983
0.054509,0.000000,0.116584,0.022452,0.000000,0.050402,0.012661,0.000000,0.000000,-0.025303
0.054621,0.000000,0.116836,0.022532,0.000000,0.050210,0.012535,0.000000,0.000000,-0.025585
0.054734,0.000000,0.117087,0.022603,0.000000,0.050013,0.012407,0.000000,0.000000,-0.025827
0.054847,0.000000,0.117337,0.022667,0.000000,0.049810,0.012278,0.000000,0.000000,-0.026032
0.054960,0.000000,0.117586,0.022722,0.000000,0.049603,0.012147,0.000000,0.000000,-0.026199
0.055074,0.000000,0.117834,0.022769,0.000000,0.049391,0.012016,0.000000,0.000000,-0.026332
0.055188,0.000000,0.118081,0.022808,0.000000,0.049174,0.011885,0.000000,0.000000,-0.026429
0.055302,0.000000,0.118327,0.022840,0.000000,0.048953,0.011753,0.000000,0.000000,-0.026493
0.055416,0.000000,0.118571,0.022864,0.000000,0.048728,0.011620,0.000000,0.000000,-0.026524
0.055530,0.000000,0.118815,0.022881,0.000000,0.048499,0.011488,0.000000,0.000000,-0.026524
0.055645,0.000000,0.119058,0.022890,0.000000,0.048266,0.011355,0.000000,0.000000,-0.026493
0.055759,0.000000,0.119299,0.022893,0.000000,0.048030,0.011223,0.000000,0.000000,-0.026433
0.055874,0.000000,0.119539,0.022889,0.000000,0.047791,0.011090,0.000000,0.000000,-0.026344
0.055988,0.000000,0.119778,0.022878,0.000000,0.047548,0.010959,0.000000,0.000000,-0.026228
0.056103,0.000000,0.120016,0.022861,0.000000,0.047303,0.010828,0.000000,0.000000,-0.026086
0.056217,0.000000,0.120252,0.022837,0.000000,0.047055,0.010697,0.000000,0.000000,-0.025919
0.056331,0.000000,0.120487,0.022808,0.000000,0.046804,0.010567,0.000000,0.000000,-0.025727
0.056445,0.000000,0.120722,0.022772,0.000000,0.046551,0.010439,0.000000,0.000000,-0.025513
0.056559,0.000000,0.120954,0.022732,0.000000,0.046295,0.010311,0.000000,0.000000,-0.025277
0.056673,0.000000,0.121186,0.022685,0.000000,0.046037,0.010185,0.000000,0.000000,-0.025020
0.056786,0.000000,0.121416,0.022633,0.000000,0.045778,0.010060,0.000000,0.000000,-0.024743
0.056899,0.000000,0.121645,0.022577,0.000000,0.045516,0.009936,0.000000,0.000000,-0.024447
0.057012,0.000000,0.121872,0.022515,0.000000,0.045253,0.009814,0.000000,0.000000,-0.024134
0.057125,0.000000,0.122099,0.022449,0.000000,0.044988,0.009693,0.000000,0.000000,-0.023803
0.057237,0.000000,0.122324,0.022378,0.000000,0.044722,0.009574,0.000000,0.000000,-0.023457
0.057349,0.000000,0.122547,0.022303,0.000000,0.044454,0.009457,0.000000,0.000000,-0.023096
0.057460,0.000000,0.122769,0.022224,0.000000,0.044185,0.009341,0.000000,0.000000,-0.022722
0.057571,0.000000,0.122990,0.022141,0.000000,0.043915,0.009228,0.000000,0.000000,-0.022334
0.057682,0.000000,0.123210,0.022055,0.000000,0.043644,0.009116,0.000000,0.000000,-0.021935
0.057792,0.000000,0.123428,0.021965,0.000000,0.043372,0.009006,0.000000,0.000000,-0.021524
0.057902,0.000000,0.123645,0.021871,0.000000,0.043099,0.008899,0.000000,0.000000,-0.021104
0.058012,0.000000,0.123861,0.021775,0.000000,0.042825,0.008793,0.000000,0.000000,-0.020674
0.058120,0.000000,0.124075,0.021675,0.000000,0.042551,0.008690,0.000000,0.000000,-0.020236
0.058229,0.000000,0.124287,0.021573,0.000000,0.042276,0.008589,0.000000,0.000000,-0.019791
0.058337,0.000000,0.124499,0.021468,0.000000,0.042001,0.008490,0.000000,0.000000,-0.019339
0.058444,0.000000,0.124709,0.021361,0.000000,0.041725,0.008393,0.000000,0.000000,-0.018882
0.058551,0.000000,0.124917,0.021251,0.000000,0.041449,0.008299,0.000000,0.000000,-0.018419
0.058657,0.000000,0.125125,0.021140,0.000000,0.041173,0.008207,0.000000,0.000000,-0.017952
0.058763,0.000000,0.125331,0.021026,0.000000,0.040897,0.008117,0.000000,0.000000,-0.017482
0.058868,0.000000,0.125535,0.020911,0.000000,0.040620,0.008029,0.000000,0.000000,-0.017009
0.058972,0.000000,0.125738,0.020795,0.000000,0.040344,0.007944,0.000000,0.000000,-0.016534
0.059076,0.000000,0.125940,0.020677,0.000000,0.040068,0.007862,0.000000,0.000000,-0.016058
0.059180,0.000000,0.126140,0.020557,0.000000,0.039791,0.007781,0.000000,0.000000,-0.015581
0.059283,0.000000,0.126339,0.020437,0.000000,0.039515,0.007703,0.000000,0.000000,-0.015105
0.059385,0.000000,0.126537,0.020315,0.000000,0.039240,0.007628,0.000000,0.000000,-0.014629
0.059486,0.000000,0.126733,0.020193,0.000000,0.038964,0.007555,0.000000,0.000000,-0.014154
0.059587,0.000000,0.126928,0.020070,0.000000,0.038689,0.007484,0.000000,0.000000,-0.013681
0.059688,0.000000,0.127121,0.019947,0.000000,0.038415,0.007416,0.000000,0.000000,-0.013210
0.059787,0.000000,0.127313,0.019823,0.000000,0.038141,0.007350,0.000000,0.000000,-0.012742
0.059887,0.000000,0.127504,0.019699,0.000000,0.037867,0.007286,0.000000,0.000000,-0.012278
0.059985,0.000000,0.127693,0.019574,0.000000,0.037594,0.007225,0.000000,0.000000,-0.011818
0.060083,0.000000,0.127881,0.019450,0.000000,0.037322,0.007165,0.000000,0.000000,-0.011362
0.060180,0.000000,0.128068,0.019326,0.000000,0.037050,0.007109,0.000000,0.000000,-0.010911
0.060277,0.000000,0.128253,0.019202,0.000000,0.036779,0.007054,0.000000,0.000000,-0.010465
0.060373,0.000000,0.128437,0.019078,0.000000,0.036509,0.007002,0.000000,0.000000,-0.010025
0.060468,0.000000,0.128620,0.018955,0.000000,0.036239,0.006952,0.000000,0.000000,-0.009591
0.060563,0.000000,0.128801,0.018832,0.000000,0.035971,0.006904,0.000000,0.000000,-0.009164
0.060657,0.000000,0.128981,0.018710,0.000000,0.035703,0.006858,0.000000,0.000000,-0.008743
0.060751,0.000000,0.129159,0.018589,0.000000,0.035436,0.006814,0.000000,0.000000,-0.008329
0.060844,0.000000,0.129336,0.018468,0.000000,0.035170,0.006772,0.000000,0.000000,-0.007923
0.060936,0.000000,0.129512,0.018348,0.000000,0.034905,0.006733,0.000000,0.000000,-0.007524
0.061028,0.000000,0.129687,0.018229,0.000000,0.034641,0.006695,0.000000,0.000000,-0.007134
0.061119,0.000000,0.129860,0.018111,0.000000,0.034378,0.006660,0.000000,0.000000,-0.006751
0.061209,0.000000,0.130032,0.017995,0.000000,0.034116,0.006626,0.000000,0.000000,-0.006377
0.061299,0.000000,0.130202,0.017879,0.000000,0.033855,0.006594,0.000000,0.000000,-0.006011
0.061389,0.000000,0.130372,0.017765,0.000000,0.033596,0.006564,0.000000,0.000000,-0.005655
0.061478,0.000000,0.130540,0.017652,0.000000,0.033337,0.006536,0.000000,0.000000,-0.005307
0.061566,0.000000,0.130706,0.017540,0.000000,0.033080,0.006509,0.000000,0.000000,-0.004968
0.061654,0.000000,0.130872,0.017430,0.000000,0.032823,0.006484,0.000000,0.000000,-0.004638
0.061741,0.000000,0.131036,0.017321,0.000000,0.032568,0.006461,0.000000,0.000000,-0.004318
0.061827,0.000000,0.131199,0.017214,0.000000,0.032314,0.006439,0.000000,0.000000,-0.004007
0.061913,0.000000,0.131360,0.017108,0.000000,0.032062,0.006419,0.000000,0.000000,-0.003706
0.061999,0.000000,0.131521,0.017004,0.000000,0.031810,0.006401,0.000000,0.000000,-0.003414
0.062084,0.000000,0.131680,0.016901,0.000000,0.031560,0.006384,0.000000,0.000000,-0.003132
0.062168,0.000000,0.131837,0.016800,0.000000,0.031311,0.006368,0.000000,0.000000,-0.002859
0.062252,0.000000,0.131994,0.016701,0.000000,0.031064,0.006354,0.000000,0.000000,-0.002596
0.062336,0.000000,0.132149,0.016604,0.000000,0.030817,0.006341,0.000000,0.000000,-0.002343
0.062419,0.000000,0.132303,0.016508,0.000000,0.030572,0.006329,0.000000,0.000000,-0.002099
0.062502,0.000000,0.132456,0.016414,0.000000,0.030329,0.006319,0.000000,0.000000,-0.001865
0.062584,0.000000,0.132608,0.016321,0.000000,0.030086,0.006309,0.000000,0.000000,-0.001641
0.062665,0.000000,0.132758,0.016231,0.000000,0.029846,0.006301,0.000000,0.000000,-0.001426
0.062746,0.000000,0.132908,0.016142,0.000000,0.029606,0.006294,0.000000,0.000000,-0.001221
0.062827,0.000000,0.133056,0.016056,0.000000,0.029368,0.006288,0.000000,0.000000,-0.001025
0.062907,0.000000,0.133202,0.015970,0.000000,0.029131,0.006283,0.000000,0.000000,-0.000839
0.062987,0.000000,0.133348,0.015887,0.000000,0.028896,0.006279,0.000000,0.000000,-0.000661
0.063067,0.000000,0.133493,0.015806,0.000000,0.028662,0.006275,0.000000,0.000000,-0.000493
0.063146,0.000000,0.133636,0.015726,0.000000,0.028429,0.006273,0.000000,0.000000,-0.000335
0.063224,0.000000,0.133778,0.015648,0.000000,0.028198,0.006271,0.000000,0.000000,-0.000185
0.063303,0.000000,0.133919,0.015572,0.000000,0.027968,0.006270,0.000000,0.000000,-0.000044
0.063380,0.000000,0.134059,0.015498,0.000000,0.027740,0.006270,0.000000,0.000000,0.000089
0.063458,0.000000,0.134198,0.015426,0.000000,0.027513,0.006270,0.000000,0.000000,0.000213
0.063535,0.000000,0.134335,0.015355,0.000000,0.027287,0.006271,0.000000,0.000000,0.000328
0.063612,0.000000,0.134472,0.015287,0.000000,0.027063,0.006273,0.000000,0.000000,0.000435
0.063688,0.000000,0.134607,0.015219,0.000000,0.026841,0.006275,0.000000,0.000000,0.000534
0.063764,0.000000,0.134741,0.015154,0.000000,0.026620,0.006278,0.000000,0.000000,0.000625
0.063840,0.000000,0.134874,0.015091,0.000000,0.026400,0.006281,0.000000,0.000000,0.000708
0.063916,0.000000,0.135006,0.015029,0.000000,0.026182,0.006285,0.000000,0.000000,0.000783
0.063991,0.000000,0.135137,0.014968,0.000000,0.025965,0.006289,0.000000,0.000000,0.000851
0.064066,0.000000,0.135267,0.014910,0.000000,0.025749,0.006293,0.000000,0.000000,0.000912
0.064140,0.000000,0.135396,0.014853,0.000000,0.025535,0.006297,0.000000,0.000000,0.000965
0.064214,0.000000,0.135523,0.014798,0.000000,0.025323,0.006302,0.000000,0.000000,0.001012
0.064288,0.000000,0.135650,0.014744,0.000000,0.025112,0.006307,0.000000,0.000000,0.001052
0.064362,0.000000,0.135775,0.014692,0.000000,0.024902,0.006313,0.000000,0.000000,0.001085
0.064436,0.000000,0.135900,0.014641,0.000000,0.024694,0.006318,0.000000,0.000000,0.001112
0.064509,0.000000,0.136023,0.014592,0.000000,0.024488,0.006323,0.000000,0.000000,0.001133
0.064582,0.000000,0.136146,0.014544,0.000000,0.024282,0.006329,0.000000,0.000000,0.001148
0.064654,0.000000,0.136267,0.014498,0.000000,0.024079,0.006335,0.000000,0.000000,0.001157
0.064727,0.000000,0.136388,0.014453,0.000000,0.023876,0.006341,0.000000,0.000000,0.001161
0.064799,0.000000,0.136507,0.014409,0.000000,0.023675,0.006346,0.000000,0.000000,0.001159
0.064871,0.000000,0.136625,0.014367,0.000000,0.023476,0.006352,0.000000,0.000000,0.001152
0.064943,0.000000,0.136743,0.014326,0.000000,0.023278,0.006358,0.000000,0.000000,0.001140
0.065015,0.000000,0.136859,0.014287,0.000000,0.023081,0.006364,0.000000,0.000000,0.001123
0.065086,0.000000,0.136975,0.014249,0.000000,0.022886,0.006369,0.000000,0.000000,0.001102
0.065157,0.000000,0.137089,0.014211,0.000000,0.022692,0.006375,0.000000,0.000000,0.001076
0.065228,0.000000,0.137203,0.014175,0.000000,0.022500,0.006380,0.000000,0.000000,0.001046
0.065299,0.000000,0.137315,0.014141,0.000000,0.022309,0.006385,0.000000,0.000000,0.001012
0.065370,0.000000,0.137427,0.014107,0.000000,0.022120,0.006391,0.000000,0.000000,0.000975
0.065441,0.000000,0.137537,0.014074,0.000000,0.021932,0.006395,0.000000,0.000000,0.000933
0.065511,0.000000,0.137647,0.014043,0.000000,0.021745,0.006400,0.000000,0.000000,0.000889
0.065581,0.000000,0.137756,0.014012,0.000000,0.021560,0.006405,0.000000,0.000000,0.000841
0.065651,0.000000,0.137863,0.013982,0.000000,0.021376,0.006409,0.000000,0.000000,0.000790
0.065721,0.000000,0.137970,0.013953,0.000000,0.021193,0.006413,0.000000,0.000000,0.000736
0.065791,0.000000,0.138076,0.013926,0.000000,0.021012,0.006416,0.000000,0.000000,0.000680
0.065860,0.000000,0.138181,0.013898,0.000000,0.020832,0.006420,0.000000,0.000000,0.000621
0.065930,0.000000,0.138285,0.013872,0.000000,0.020654,0.006423,0.000000,0.000000,0.000559
0.065999,0.000000,0.138389,0.013847,0.000000,0.020477,0.006426,0.000000,0.000000,0.000496
0.066069,0.000000,0.138491,0.013822,0.000000,0.020302,0.006428,0.000000,0.000000,0.000431
0.066138,0.000000,0.138593,0.013798,0.000000,0.020127,0.006430,0.000000,0.000000,0.000363
0.066207,0.000000,0.138693,0.013775,0.000000,0.019954,0.006432,0.000000,0.000000,0.000294
0.066276,0.000000,0.138793,0.013752,0.000000,0.019783,0.006434,0.000000,0.000000,0.000224
0.066344,0.000000,0.138892,0.013730,0.000000,0.019613,0.006435,0.000000,0.000000,0.000152
0.066413,0.000000,0.138990,0.013709,0.000000,0.019444,0.006435,0.000000,0.000000,0.000079
0.066481,0.000000,0.139087,0.013688,0.000000,0.019276,0.006436,0.000000,0.000000,0.000005
0.066550,0.000000,0.139184,0.013667,0.000000,0.019110,0.006436,0.000000,0.000000,-0.000070
0.066618,0.000000,0.139279,0.013647,0.000000,0.018945,0.006436,0.000000,0.000000,-0.000145
0.066687,0.000000,0.139374,0.013628,0.000000,0.018781,0.006435,0.000000,0.000000,-0.000222
0.066755,0.000000,0.139468,0.013609,0.000000,0.018619,0.006434,0.000000,0.000000,-0.000298
0.066823,0.000000,0.139561,0.013590,0.000000,0.018458,0.006432,0.000000,0.000000,-0.000376
0.066891,0.000000,0.139653,0.013572,0.000000,0.018298,0.006430,0.000000,0.000000,-0.000453
0.066958,0.000000,0.139745,0.013554,0.000000,0.018140,0.006428,0.000000,0.000000,-0.000531
0.067026,0.000000,0.139835,0.013537,0.000000,0.017982,0.006425,0.000000,0.000000,-0.000608
0.067094,0.000000,0.139925,0.013519,0.000000,0.017826,0.006422,0.000000,0.000000,-0.000686
0.067162,0.000000,0.140014,0.013502,0.000000,0.017672,0.006419,0.000000,0.000000,-0.000763
0.067229,0.000000,0.140103,0.013485,0.000000,0.017518,0.006415,0.000000,0.000000,-0.000840
0.067296,0.000000,0.140190,0.013469,0.000000,0.017366,0.006411,0.000000,0.000000,-0.000916
0.067364,0.000000,0.140277,0.013452,0.000000,0.017215,0.006406,0.000000,0.000000,-0.000992
0.067431,0.000000,0.140363,0.013436,0.000000,0.017065,0.006401,0.000000,0.000000,-0.001068
0.067498,0.000000,0.140449,0.013420,0.000000,0.016917,0.006396,0.000000,0.000000,-0.001142
0.067565,0.000000,0.140533,0.013404,0.000000,0.016770,0.006390,0.000000,0.000000,-0.001216
0.067632,0.000000,0.140617,0.013388,0.000000,0.016624,0.006384,0.000000,0.000000,-0.001289
0.067699,0.000000,0.140700,0.013372,0.000000,0.016479,0.006378,0.000000,0.000000,-0.001362
0.067766,0.000000,0.140782,0.013357,0.000000,0.016335,0.006371,0.000000,0.000000,-0.001433
0.067833,0.000000,0.140864,0.013341,0.000000,0.016192,0.006364,0.000000,0.000000,-0.001503
0.067900,0.000000,0.140945,0.013325,0.000000,0.016051,0.006356,0.000000,0.000000,-0.001572
0.067966,0.000000,0.141025,0.013310,0.000000,0.015911,0.006348,0.000000,0.000000,-0.001640
0.068033,0.000000,0.141105,0.013294,0.000000,0.015772,0.006340,0.000000,0.000000,-0.001706
0.068099,0.000000,0.141184,0.013278,0.000000,0.015634,0.006332,0.000000,0.000000,-0.001772
0.068166,0.000000,0.141262,0.013262,0.000000,0.015497,0.006323,0.000000,0.000000,-0.001835
0.068232,0.000000,0.141339,0.013246,0.000000,0.015362,0.006314,0.000000,0.000000,-0.001898
0.068298,0.000000,0.141416,0.013231,0.000000,0.015227,0.006304,0.000000,0.000000,-0.001959
0.068364,0.000000,0.141492,0.013215,0.000000,0.015094,0.006294,0.000000,0.000000,-0.002019
0.068430,0.000000,0.141568,0.013198,0.000000,0.014962,0.006284,0.000000,0.000000,-0.002077
0.068496,0.000000,0.141643,0.013182,0.000000,0.014830,0.006274,0.000000,0.000000,-0.002133
0.068562,0.000000,0.141717,0.013166,0.000000,0.014700,0.006263,0.000000,0.000000,-0.002188
0.068628,0.000000,0.141790,0.013149,0.000000,0.014571,0.006252,0.000000,0.000000,-0.002242
0.068694,0.000000,0.141863,0.013133,0.000000,0.014444,0.006241,0.000000,0.000000,-0.002294
0.068760,0.000000,0.141935,0.013116,0.000000,0.014317,0.006230,0.000000,0.000000,-0.002344
0.068825,0.000000,0.142007,0.013099,0.000000,0.014191,0.006218,0.000000,0.000000,-0.002393
0.068891,0.000000,0.142078,0.013082,0.000000,0.014066,0.006206,0.000000,0.000000,-0.002439
0.068956,0.000000,0.142148,0.013065,0.000000,0.013943,0.006194,0.000000,0.000000,-0.002485
0.069021,0.000000,0.142218,0.013047,0.000000,0.013820,0.006181,0.000000,0.000000,-0.002528
0.069087,0.000000,0.142287,0.013029,0.000000,0.013699,0.006169,0.000000,0.000000,-0.002570
0.069152,0.000000,0.142356,0.013012,0.000000,0.013578,0.006156,0.000000,0.000000,-0.002610
0.069217,0.000000,0.142423,0.012993,0.000000,0.013459,0.006143,0.000000,0.000000,-0.002649
0.069282,0.000000,0.142491,0.012975,0.000000,0.013340,0.006130,0.000000,0.000000,-0.002685
0.069347,0.000000,0.142557,0.012957,0.000000,0.013223,0.006116,0.000000,0.000000,-0.002720
0.069412,0.000000,0.142624,0.012938,0.000000,0.013107,0.006103,0.000000,0.000000,-0.002754
0.069476,0.000000,0.142689,0.012919,0.000000,0.012991,0.006089,0.000000,0.000000,-0.002786
0.069541,0.000000,0.142754,0.012900,0.000000,0.012877,0.006075,0.000000,0.000000,-0.002816
0.069605,0.000000,0.142818,0.012881,0.000000,0.012763,0.006061,0.000000,0.000000,-0.002844
0.069670,0.000000,0.142882,0.012861,0.000000,0.012651,0.006047,0.000000,0.000000,-0.002871
0.069734,0.000000,0.142946,0.012841,0.000000,0.012539,0.006032,0.000000,0.000000,-0.002896
0.069798,0.000000,0.143008,0.012821,0.000000,0.012429,0.006018,0.000000,0.000000,-0.002920
0.069862,0.000000,0.143070,0.012801,0.000000,0.012319,0.006003,0.000000,0.000000,-0.002941
0.069926,0.000000,0.143132,0.012780,0.000000,0.012210,0.005988,0.000000,0.000000,-0.002962
0.069990,0.000000,0.143193,0.012759,0.000000,0.012102,0.005974,0.000000,0.000000,-0.002981
0.070054,0.000000,0.143254,0.012738,0.000000,0.011996,0.005959,0.000000,0.000000,-0.002998
0.070118,0.000000,0.143313,0.012717,0.000000,0.011890,0.005944,0.000000,0.000000,-0.003014
0.070181,0.000000,0.143373,0.012696,0.000000,0.011785,0.005929,0.000000,0.000000,-0.003028
0.070245,0.000000,0.143432,0.012674,0.000000,0.011680,0.005913,0.000000,0.000000,-0.003041
0.070308,0.000000,0.143490,0.012652,0.000000,0.011577,0.005898,0.000000,0.000000,-0.003053
0.070371,0.000000,0.143548,0.012630,0.000000,0.011475,0.005883,0.000000,0.000000,-0.003063
0.070435,0.000000,0.143606,0.012608,0.000000,0.011374,0.005868,0.000000,0.000000,-0.003071
0.070498,0.000000,0.143662,0.012585,0.000000,0.011273,0.005852,0.000000,0.000000,-0.003079
0.070561,0.000000,0.143719,0.012563,0.000000,0.011173,0.005837,0.000000,0.000000,-0.003085
0.070623,0.000000,0.143775,0.012540,0.000000,0.011074,0.005822,0.000000,0.000000,-0.003090
0.070686,0.000000,0.143830,0.012517,0.000000,0.010976,0.005806,0.000000,0.000000,-0.003093
0.070749,0.000000,0.143885,0.012493,0.000000,0.010879,0.005791,0.000000,0.000000,-0.003096
0.070811,0.000000,0.143939,0.012470,0.000000,0.010783,0.005775,0.000000,0.000000,-0.003097
0.070873,0.000000,0.143993,0.012446,0.000000,0.010688,0.005760,0.000000,0.000000,-0.003097
0.070936,0.000000,0.144047,0.012422,0.000000,0.010593,0.005744,0.000000,0.000000,-0.003096
0.070998,0.000000,0.144100,0.012398,0.000000,0.010499,0.005729,0.000000,0.000000,-0.003094
0.071060,0.000000,0.144152,0.012374,0.000000,0.010406,0.005713,0.000000,0.000000,-0.003090
0.071122,0.000000,0.144204,0.012349,0.000000,0.010314,0.005698,0.000000,0.000000,-0.003086
0.071183,0.000000,0.144256,0.012325,0.000000,0.010223,0.005682,0.000000,0.000000,-0.003081
0.071245,0.000000,0.144307,0.012300,0.000000,0.010132,0.005667,0.000000,0.000000,-0.003075
0.071307,0.000000,0.144357,0.012275,0.000000,0.010042,0.005652,0.000000,0.000000,-0.003068
0.071368,0.000000,0.144408,0.012250,0.000000,0.009953,0.005636,0.000000,0.000000,-0.003060
0.071429,0.000000,0.144457,0.012225,0.000000,0.009865,0.005621,0.000000,0.000000,-0.003051
0.071490,0.000000,0.144507,0.012200,0.000000,0.009778,0.005606,0.000000,0.000000,-0.003042
0.071551,0.000000,0.144556,0.012174,0.000000,0.009691,0.005590,0.000000,0.000000,-0.003032
0.071612,0.000000,0.144604,0.012149,0.000000,0.009605,0.005575,0.000000,0.000000,-0.003021
0.071673,0.000000,0.144652,0.012123,0.000000,0.009520,0.005560,0.000000,0.000000,-0.003009
0.071733,0.000000,0.144700,0.012097,0.000000,0.009435,0.005545,0.000000,0.000000,-0.002997
0.071794,0.000000,0.144747,0.012071,0.000000,0.009352,0.005530,0.000000,0.000000,-0.002984
0.071854,0.000000,0.144794,0.012045,0.000000,0.009269,0.005515,0.000000,0.000000,-0.002970
0.071915,0.000000,0.144840,0.012019,0.000000,0.009186,0.005500,0.000000,0.000000,-0.002956
0.071975,0.000000,0.144886,0.011993,0.000000,0.009105,0.005486,0.000000,0.000000,-0.002942
0.072035,0.000000,0.144931,0.011966,0.000000,0.009024,0.005471,0.000000,0.000000,-0.002926
0.072094,0.000000,0.144977,0.011940,0.000000,0.008944,0.005456,0.000000,0.000000,-0.002911
0.072154,0.000000,0.145021,0.011913,0.000000,0.008865,0.005442,0.000000,0.000000,-0.002895
0.072214,0.000000,0.145066,0.011887,0.000000,0.008786,0.005427,0.000000,0.000000,-0.002878
0.072273,0.000000,0.145110,0.011860,0.000000,0.008708,0.005413,0.000000,0.000000,-0.002862
0.072332,0.000000,0.145153,0.011834,0.000000,0.008631,0.005399,0.000000,0.000000,-0.002844
0.072392,0.000000,0.145196,0.011807,0.000000,0.008554,0.005384,0.000000,0.000000,-0.002827
0.072451,0.000000,0.145239,0.011780,0.000000,0.008478,0.005370,0.000000,0.000000,-0.002809
0.072510,0.000000,0.145281,0.011753,0.000000,0.008403,0.005356,0.000000,0.000000,-0.002791
0.072568,0.000000,0.145323,0.011726,0.000000,0.008328,0.005342,0.000000,0.000000,-0.002773
0.072627,0.000000,0.145365,0.011700,0.000000,0.008254,0.005328,0.000000,0.000000,-0.002755
0.072685,0.000000,0.145406,0.011673,0.000000,0.008181,0.005315,0.000000,0.000000,-0.002736
0.072744,0.000000,0.145447,0.011646,0.000000,0.008108,0.005301,0.000000,0.000000,-0.002717
0.072802,0.000000,0.145488,0.011619,0.000000,0.008036,0.005287,0.000000,0.000000,-0.002698
0.072860,0.000000,0.145528,0.011592,0.000000,0.007964,0.005274,0.000000,0.000000,-0.002679
0.072918,0.000000,0.145568,0.011565,0.000000,0.007894,0.005260,0.000000,0.000000,-0.002660
0.072976,0.000000,0.145607,0.011538,0.000000,0.007823,0.005247,0.000000,0.000000,-0.002641
0.073034,0.000000,0.145646,0.011511,0.000000,0.007754,0.005234,0.000000,0.000000,-0.002622
0.073091,0.000000,0.145685,0.011484,0.000000,0.007685,0.005221,0.000000,0.000000,-0.002602
0.073149,0.000000,0.145724,0.011457,0.000000,0.007617,0.005208,0.000000,0.000000,-0.002583
0.073206,0.000000,0.145762,0.011430,0.000000,0.007549,0.005195,0.000000,0.000000,-0.002564
0.073263,0.000000,0.145799,0.011403,0.000000,0.007482,0.005182,0.000000,0.000000,-0.002545
0.073320,0.000000,0.145837,0.011377,0.000000,0.007415,0.005169,0.000000,0.000000,-0.002526
0.073377,0.000000,0.145874,0.011350,0.000000,0.007349,0.005157,0.000000,0.000000,-0.002507
0.073434,0.000000,0.145911,0.011323,0.000000,0.007284,0.005144,0.000000,0.000000,-0.002488
0.073490,0.000000,0.145947,0.011296,0.000000,0.007219,0.005132,0.000000,0.000000,-0.002469
0.073547,0.000000,0.145983,0.011270,0.000000,0.007155,0.005119,0.000000,0.000000,-0.002450
0.073603,0.000000,0.146019,0.011243,0.000000,0.007091,0.005107,0.000000,0.000000,-0.002432
0.073659,0.000000,0.146054,0.011216,0.000000,0.007028,0.005095,0.000000,0.000000,-0.002413
0.073715,0.000000,0.146089,0.011190,0.000000,0.006966,0.005083,0.000000,0.000000,-0.002395
0.073771,0.000000,0.146124,0.011163,0.000000,0.006904,0.005071,0.000000,0.000000,-0.002377
0.073827,0.000000,0.146159,0.011137,0.000000,0.006842,0.005059,0.000000,0.000000,-0.002359
0.073883,0.000000,0.146193,0.011111,0.000000,0.006781,0.005047,0.000000,0.000000,-0.002341
0.073938,0.000000,0.146227,0.011084,0.000000,0.006721,0.005036,0.000000,0.000000,-0.002324
0.073994,0.000000,0.146261,0.011058,0.000000,0.006661,0.005024,0.000000,0.000000,-0.002307
0.074049,0.000000,0.146294,0.011032,0.000000,0.006602,0.005012,0.000000,0.000000,-0.002290
0.074104,0.000000,0.146327,0.011006,0.000000,0.006543,0.005001,0.000000,0.000000,-0.002273
0.074159,0.000000,0.146360,0.010980,0.000000,0.006485,0.004990,0.000000,0.000000,-0.002256
0.074214,0.000000,0.146392,0.010954,0.000000,0.006427,0.004978,0.000000,0.000000,-0.002240
0.074269,0.000000,0.146424,0.010928,0.000000,0.006370,0.004967,0.000000,0.000000,-0.002224
0.074324,0.000000,0.146456,0.010902,0.000000,0.006313,0.004956,0.000000,0.000000,-0.002208
0.074378,0.000000,0.146488,0.010877,0.000000,0.006257,0.004945,0.000000,0.000000,-0.002193
0.074433,0.000000,0.146519,0.010851,0.000000,0.006201,0.004934,0.000000,0.000000,-0.002178
0.074487,0.000000,0.146550,0.010826,0.000000,0.006146,0.004923,0.000000,0.000000,-0.002163
0.074541,0.000000,0.146581,0.010800,0.000000,0.006091,0.004912,0.000000,0.000000,-0.002148
0.074595,0.000000,0.146611,0.010775,0.000000,0.006037,0.004901,0.000000,0.000000,-0.002134
0.074649,0.000000,0.146641,0.010750,0.000000,0.005983,0.004891,0.000000,0.000000,-0.002120
0.074703,0.000000,0.146671,0.010724,0.000000,0.005930,0.004880,0.000000,0.000000,-0.002106
0.074756,0.000000,0.146701,0.010699,0.000000,0.005877,0.004870,0.000000,0.000000,-0.002093
0.074810,0.000000,0.146730,0.010674,0.000000,0.005825,0.004859,0.000000,0.000000,-0.002080
0.074863,0.000000,0.146759,0.010650,0.000000,0.005773,0.004849,0.000000,0.000000,-0.002067
0.074916,0.000000,0.146788,0.010625,0.000000,0.005721,0.004838,0.000000,0.000000,-0.002054
0.074969,0.000000,0.146817,0.010600,0.000000,0.005670,0.004828,0.000000,0.000000,-0.002042
0.075022,0.000000,0.146845,0.010576,0.000000,0.005620,0.004818,0.000000,0.000000,-0.002030
0.075075,0.000000,0.146873,0.010551,0.000000,0.005570,0.004808,0.000000,0.000000,-0.002019
0.075128,0.000000,0.146901,0.010527,0.000000,0.005520,0.004798,0.000000,0.000000,-0.002007
0.075181,0.000000,0.146929,0.010503,0.000000,0.005471,0.004788,0.000000,0.000000,-0.001996
0.075233,0.000000,0.146956,0.010479,0.000000,0.005422,0.004778,0.000000,0.000000,-0.001986
0.075286,0.000000,0.146983,0.010454,0.000000,0.005374,0.004768,0.000000,0.000000,-0.001975
0.075338,0.000000,0.147010,0.010431,0.000000,0.005326,0.004758,0.000000,0.000000,-0.001965
0.075390,0.000000,0.147037,0.010407,0.000000,0.005278,0.004748,0.000000,0.000000,-0.001955
0.075442,0.000000,0.147063,0.010383,0.000000,0.005231,0.004738,0.000000,0.000000,-0.001946
0.075494,0.000000,0.147089,0.010359,0.000000,0.005185,0.004729,0.000000,0.000000,-0.001936
0.075546,0.000000,0.147115,0.010336,0.000000,0.005139,0.004719,0.000000,0.000000,-0.001927
0.075597,0.000000,0.147141,0.010312,0.000000,0.005093,0.004709,0.000000,0.000000,-0.001919
0.075649,0.000000,0.147166,0.010289,0.000000,0.005047,0.004700,0.000000,0.000000,-0.001910
0.075700,0.000000,0.147191,0.010266,0.000000,0.005002,0.004690,0.000000,0.000000,-0.001902
0.075752,0.000000,0.147217,0.010243,0.000000,0.004958,0.004681,0.000000,0.000000,-0.001894
0.075803,0.000000,0.147241,0.010220,0.000000,0.004914,0.004671,0.000000,0.000000,-0.001887
0.075854,0.000000,0.147266,0.010197,0.000000,0.004870,0.004662,0.000000,0.000000,-0.001879
0.075905,0.000000,0.147290,0.010174,0.000000,0.004826,0.004652,0.000000,0.000000,-0.001872
0.075956,0.000000,0.147314,0.010151,0.000000,0.004783,0.004643,0.000000,0.000000,-0.001865
0.076007,0.000000,0.147338,0.010129,0.000000,0.004741,0.004634,0.000000,0.000000,-0.001859
0.076057,0.000000,0.147362,0.010106,0.000000,0.004698,0.004624,0.000000,0.000000,-0.001853
0.076108,0.000000,0.147385,0.010084,0.000000,0.004657,0.004615,0.000000,0.000000,-0.001846
0.076158,0.000000,0.147409,0.010061,0.000000,0.004615,0.004606,0.000000,0.000000,-0.001840
0.076209,0.000000,0.147432,0.010039,0.000000,0.004574,0.004597,0.000000,0.000000,-0.001835
0.076259,0.000000,0.147455,0.010017,0.000000,0.004533,0.004587,0.000000,0.000000,-0.001829
0.076309,0.000000,0.147477,0.009995,0.000000,0.004493,0.004578,0.000000,0.000000,-0.001824
0.076359,0.000000,0.147500,0.009973,0.000000,0.004453,0.004569,0.000000,0.000000,-0.001819
0.076409,0.000000,0.147522,0.009951,0.000000,0.004413,0.004560,0.000000,0.000000,-0.001814
0.076458,0.000000,0.147544,0.009929,0.000000,0.004374,0.004551,0.000000,0.000000,-0.001810
0.076508,0.000000,0.147566,0.009908,0.000000,0.004335,0.004542,0.000000,0.000000,-0.001805
0.076558,0.000000,0.147588,0.009886,0.000000,0.004296,0.004533,0.000000,0.000000,-0.001801
0.076607,0.000000,0.147609,0.009865,0.000000,0.004258,0.004524,0.000000,0.000000,-0.001797
0.076656,0.000000,0.147630,0.009843,0.000000,0.004220,0.004515,0.000000,0.000000,-0.001793
0.076706,0.000000,0.147652,0.009822,0.000000,0.004182,0.004506,0.000000,0.000000,-0.001789
0.076755,0.000000,0.147672,0.009801,0.000000,0.004145,0.004497,0.000000,0.000000,-0.001785
0.076804,0.000000,0.147693,0.009779,0.000000,0.004108,0.004488,0.000000,0.000000,-0.001782
0.076853,0.000000,0.147714,0.009758,0.000000,0.004071,0.004479,0.000000,0.000000,-0.001779
0.076901,0.000000,0.147734,0.009737,0.000000,0.004035,0.004470,0.000000,0.000000,-0.001776
0.076950,0.000000,0.147754,0.009716,0.000000,0.003999,0.004461,0.000000,0.000000,-0.001773
0.076999,0.000000,0.147774,0.009695,0.000000,0.003963,0.004453,0.000000,0.000000,-0.001770
0.077047,0.000000,0.147794,0.009675,0.000000,0.003928,0.004444,0.000000,0.000000,-0.001767
0.077096,0.000000,0.147814,0.009654,0.000000,0.003893,0.004435,0.000000,0.000000,-0.001764
0.077144,0.000000,0.147833,0.009633,0.000000,0.003858,0.004426,0.000000,0.000000,-0.001762
0.077192,0.000000,0.147852,0.009613,0.000000,0.003824,0.004417,0.000000,0.000000,-0.001759
0.077240,0.000000,0.147872,0.009592,0.000000,0.003789,0.004409,0.000000,0.000000,-0.001757
0.077288,0.000000,0.147891,0.009572,0.000000,0.003756,0.004400,0.000000,0.000000,-0.001755
0.077336,0.000000,0.147909,0.009552,0.000000,0.003722,0.004391,0.000000,0.000000,-0.001752
0.077384,0.000000,0.147928,0.009531,0.000000,0.003689,0.004382,0.000000,0.000000,-0.001750
0.077431,0.000000,0.147946,0.009511,0.000000,0.003656,0.004373,0.000000,0.000000,-0.001748
0.077479,0.000000,0.147965,0.009491,0.000000,0.003623,0.004365,0.000000,0.000000,-0.001746
0.077526,0.000000,0.147983,0.009471,0.000000,0.003591,0.004356,0.000000,0.000000,-0.001745
0.077574,0.000000,0.148001,0.009451,0.000000,0.003559,0.004347,0.000000,0.000000,-0.001743
0.077621,0.000000,0.148018,0.009431,0.000000,0.003527,0.004339,0.000000,0.000000,-0.001741
0.077668,0.000000,0.148036,0.009411,0.000000,0.003496,0.004330,0.000000,0.000000,-0.001739
0.077715,0.000000,0.148054,0.009391,0.000000,0.003465,0.004321,0.000000,0.000000,-0.001738
0.077762,0.000000,0.148071,0.009372,0.000000,0.003434,0.004312,0.000000,0.000000,-0.001736
0.077809,0.000000,0.148088,0.009352,0.000000,0.003403,0.004304,0.000000,0.000000,-0.001735
0.077856,0.000000,0.148105,0.009332,0.000000,0.003373,0.004295,0.000000,0.000000,-0.001733
0.077902,0.000000,0.148122,0.009313,0.000000,0.003343,0.004286,0.000000,0.000000,-0.001732
0.077949,0.000000,0.148139,0.009293,0.000000,0.003313,0.004278,0.000000,0.000000,-0.001730
0.077995,0.000000,0.148155,0.009274,0.000000,0.003283,0.004269,0.000000,0.000000,-0.001729
0.078042,0.000000,0.148172,0.009254,0.000000,0.003254,0.004260,0.000000,0.000000,-0.001727
0.078088,0.000000,0.148188,0.009235,0.000000,0.003225,0.004252,0.000000,0.000000,-0.001726
0.078134,0.000000,0.148204,0.009216,0.000000,0.003196,0.004243,0.000000,0.000000,-0.001725
0.078180,0.000000,0.148220,0.009196,0.000000,0.003168,0.004235,0.000000,0.000000,-0.001723
0.078226,0.000000,0.148236,0.009177,0.000000,0.003139,0.004226,0.000000,0.000000,-0.001722
0.078272,0.000000,0.148252,0.009158,0.000000,0.003111,0.004217,0.000000,0.000000,-0.001721
0.078318,0.000000,0.148267,0.009139,0.000000,0.003084,0.004209,0.000000,0.000000,-0.001719
0.078364,0.000000,0.148283,0.009120,0.000000,0.003056,0.004200,0.000000,0.000000,-0.001718
0.078409,0.000000,0.148298,0.009101,0.000000,0.003029,0.004192,0.000000,0.000000,-0.001717
0.078455,0.000000,0.148313,0.009082,0.000000,0.003002,0.004183,0.000000,0.000000,-0.001715
0.078500,0.000000,0.148328,0.009063,0.000000,0.002975,0.004174,0.000000,0.000000,-0.001714
0.078545,0.000000,0.148343,0.009044,0.000000,0.002949,0.004166,0.000000,0.000000,-0.001712
0.078591,0.000000,0.148358,0.009025,0.000000,0.002922,0.004157,0.000000,0.000000,-0.001711
0.078636,0.000000,0.148372,0.009006,0.000000,0.002896,0.004149,0.000000,0.000000,-0.001710
0.078681,0.000000,0.148387,0.008988,0.000000,0.002870,0.004140,0.000000,0.000000,-0.001708
0.078726,0.000000,0.148401,0.008969,0.000000,0.002845,0.004132,0.000000,0.000000,-0.001707
0.078771,0.000000,0.148415,0.008950,0.000000,0.002819,0.004123,0.000000,0.000000,-0.001705
0.078815,0.000000,0.148429,0.008932,0.000000,0.002794,0.004115,0.000000,0.000000,-0.001704
0.078860,0.000000,0.148443,0.008913,0.000000,0.002769,0.004106,0.000000,0.000000,-0.001702
0.078905,0.000000,0.148457,0.008894,0.000000,0.002745,0.004098,0.000000,0.000000,-0.001701
0.078949,0.000000,0.148471,0.008876,0.000000,0.002720,0.004089,0.000000,0.000000,-0.001699
0.078993,0.000000,0.148485,0.008857,0.000000,0.002696,0.004081,0.000000,0.000000,-0.001697
0.079038,0.000000,0.148498,0.008839,0.000000,0.002672,0.004072,0.000000,0.000000,-0.001696
0.079082,0.000000,0.148511,0.008821,0.000000,0.002648,0.004064,0.000000,0.000000,-0.001694
0.079126,0.000000,0.148525,0.008802,0.000000,0.002624,0.004055,0.000000,0.000000,-0.001692
0.079170,0.000000,0.148538,0.008784,0.000000,0.002601,0.004047,0.000000,0.000000,-0.001690
0.079214,0.000000,0.148551,0.008766,0.000000,0.002578,0.004038,0.000000,0.000000,-0.001689
0.079258,0.000000,0.148564,0.008747,0.000000,0.002555,0.004030,0.000000,0.000000,-0.001687
0.079301,0.000000,0.148576,0.008729,0.000000,0.002532,0.004021,0.000000,0.000000,-0.001685
0.079345,0.000000,0.148589,0.008711,0.000000,0.002509,0.004013,0.000000,0.000000,-0.001683
0.079389,0.000000,0.148602,0.008693,0.000000,0.002487,0.004004,0.000000,0.000000,-0.001681
0.079432,0.000000,0.148614,0.008675,0.000000,0.002465,0.003996,0.000000,0.000000,-0.001679
0.079476,0.000000,0.148626,0.008657,0.000000,0.002443,0.003988,0.000000,0.000000,-0.001677
0.079519,0.000000,0.148639,0.008639,0.000000,0.002421,0.003979,0.000000,0.000000,-0.001675
0.079562,0.000000,0.148651,0.008621,0.000000,0.002399,0.003971,0.000000,0.000000,-0.001673
0.079605,0.000000,0.148663,0.008603,0.000000,0.002378,0.003963,0.000000,0.000000,-0.001670
0.079648,0.000000,0.148675,0.008585,0.000000,0.002357,0.003954,0.000000,0.000000,-0.001668
0.079691,0.000000,0.148686,0.008567,0.000000,0.002336,0.003946,0.000000,0.000000,-0.001666
0.079734,0.000000,0.148698,0.008549,0.000000,0.002315,0.003938,0.000000,0.000000,-0.001664
0.079777,0.000000,0.148710,0.008531,0.000000,0.002294,0.003929,0.000000,0.000000,-0.001661
0.079819,0.000000,0.148721,0.008513,0.000000,0.002274,0.003921,0.000000,0.000000,-0.001659
0.079862,0.000000,0.148732,0.008495,0.000000,0.002253,0.003913,0.000000,0.000000,-0.001656
0.079904,0.000000,0.148744,0.008478,0.000000,0.002233,0.003904,0.000000,0.000000,-0.001654
0.079947,0.000000,0.148755,0.008460,0.000000,0.002213,0.003896,0.000000,0.000000,-0.001652
0.079989,0.000000,0.148766,0.008442,0.000000,0.002194,0.003888,0.000000,0.000000,-0.001649
0.080031,0.000000,0.148777,0.008425,0.000000,0.002174,0.003880,0.000000,0.000000,-0.001646
0.080073,0.000000,0.148788,0.008407,0.000000,0.002155,0.003871,0.000000,0.000000,-0.001644
0.080115,0.000000,0.148799,0.008389,0.000000,0.002136,0.003863,0.000000,0.000000,-0.001641
0.080157,0.000000,0.148809,0.008372,0.000000,0.002116,0.003855,0.000000,0.000000,-0.001638
0.080199,0.000000,0.148820,0.008354,0.000000,0.002098,0.003847,0.000000,0.000000,-0.001636
0.080241,0.000000,0.148830,0.008337,0.000000,0.002079,0.003839,0.000000,0.000000,-0.001633
0.080283,0.000000,0.148841,0.008319,0.000000,0.002060,0.003830,0.000000,0.000000,-0.001630
0.080324,0.000000,0.148851,0.008302,0.000000,0.002042,0.003822,0.000000,0.000000,-0.001627
0.080366,0.000000,0.148861,0.008284,0.000000,0.002024,0.003814,0.000000,0.000000,-0.001624
0.080407,0.000000,0.148871,0.008267,0.000000,0.002006,0.003806,0.000000,0.000000,-0.001621
0.080448,0.000000,0.148881,0.008249,0.000000,0.001988,0.003798,0.000000,0.000000,-0.001618
0.080490,0.000000,0.148891,0.008232,0.000000,0.001970,0.003790,0.000000,0.000000,-0.001615
0.080531,0.000000,0.148901,0.008215,0.000000,0.001953,0.003782,0.000000,0.000000,-0.001612
0.080572,0.000000,0.148911,0.008198,0.000000,0.001935,0.003774,0.000000,0.000000,-0.001609
0.080613,0.000000,0.148921,0.008180,0.000000,0.001918,0.003766,0.000000,0.000000,-0.001606
0.080654,0.000000,0.148930,0.008163,0.000000,0.001901,0.003758,0.000000,0.000000,-0.001603
0.080695,0.000000,0.148940,0.008146,0.000000,0.001884,0.003750,0.000000,0.000000,-0.001600
0.080735,0.000000,0.148949,0.008129,0.000000,0.001867,0.003742,0.000000,0.000000,-0.001597
0.080776,0.000000,0.148958,0.008112,0.000000,0.001850,0.003734,0.000000,0.000000,-0.001594
0.080817,0.000000,0.148968,0.008095,0.000000,0.001834,0.003726,0.000000,0.000000,-0.001590
0.080857,0.000000,0.148977,0.008077,0.000000,0.001817,0.003718,0.000000,0.000000,-0.001587
0.080897,0.000000,0.148986,0.008060,0.000000,0.001801,0.003710,0.000000,0.000000,-0.001584
0.080938,0.000000,0.148995,0.008043,0.000000,0.001785,0.003702,0.000000,0.000000,-0.001581
0.080978,0.000000,0.149004,0.008026,0.000000,0.001769,0.003694,0.000000,0.000000,-0.001577
0.081018,0.000000,0.149013,0.008009,0.000000,0.001754,0.003686,0.000000,0.000000,-0.001574
0.081058,0.000000,0.149021,0.007993,0.000000,0.001738,0.003678,0.000000,0.000000,-0.001571
0.081098,0.000000,0.149030,0.007976,0.000000,0.001722,0.003670,0.000000,0.000000,-0.001567
0.081138,0.000000,0.149039,0.007959,0.000000,0.001707,0.003662,0.000000,0.000000,-0.001564
0.081178,0.000000,0.149047,0.007942,0.000000,0.001692,0.003655,0.000000,0.000000,-0.001561
0.081218,0.000000,0.149056,0.007925,0.000000,0.001677,0.003647,0.000000,0.000000,-0.001557
0.081257,0.000000,0.149064,0.007908,0.000000,0.001662,0.003639,0.000000,0.000000,-0.001554
0.081297,0.000000,0.149072,0.007892,0.000000,0.001647,0.003631,0.000000,0.000000,-0.001550
0.081336,0.000000,0.149081,0.007875,0.000000,0.001632,0.003623,0.000000,0.000000,-0.001547
0.081376,0.000000,0.149089,0.007858,0.000000,0.001618,0.003616,0.000000,0.000000,-0.001543
0.081415,0.000000,0.149097,0.007842,0.000000,0.001603,0.003608,0.000000,0.000000,-0.001540
0.081454,0.000000,0.149105,0.007825,0.000000,0.001589,0.003600,0.000000,0.000000,-0.001536
0.081493,0.000000,0.149113,0.007809,0.000000,0.001575,0.003593,0.000000,0.000000,-0.001533
0.081532,0.000000,0.149121,0.007792,0.000000,0.001561,0.003585,0.000000,0.000000,-0.001529
0.081571,0.000000,0.149129,0.007775,0.000000,0.001547,0.003577,0.000000,0.000000,-0.001526
0.081610,0.000000,0.149136,0.007759,0.000000,0.001533,0.003570,0.000000,0.000000,-0.001522
0.081649,0.000000,0.149144,0.007743,0.000000,0.001519,0.003562,0.000000,0.000000,-0.001519
0.081688,0.000000,0.149152,0.007726,0.000000,0.001506,0.003555,0.000000,0.000000,-0.001515
0.081726,0.000000,0.149159,0.007710,0.000000,0.001492,0.003547,0.000000,0.000000,-0.001512
0.081765,0.000000,0.149167,0.007693,0.000000,0.001479,0.003539,0.000000,0.000000,-0.001508
0.081803,0.000000,0.149174,0.007677,0.000000,0.001466,0.003532,0.000000,0.000000,-0.001505
0.081842,0.000000,0.149181,0.007661,0.000000,0.001453,0.003524,0.000000,0.000000,-0.001501
0.081880,0.000000,0.149189,0.007645,0.000000,0.001440,0.003517,0.000000,0.000000,-0.001498
0.081918,0.000000,0.149196,0.007628,0.000000,0.001427,0.003509,0.000000,0.000000,-0.001494
0.081956,0.000000,0.149203,0.007612,0.000000,0.001414,0.003502,0.000000,0.000000,-0.001491
0.081994,0.000000,0.149210,0.007596,0.000000,0.001402,0.003494,0.000000,0.000000,-0.001487
0.082032,0.000000,0.149217,0.007580,0.000000,0.001389,0.003487,0.000000,0.000000,-0.001484
0.082070,0.000000,0.149224,0.007564,0.000000,0.001377,0.003480,0.000000,0.000000,-0.001480
0.082108,0.000000,0.149231,0.007548,0.000000,0.001365,0.003472,0.000000,0.000000,-0.001477
0.082146,0.000000,0.149238,0.007532,0.000000,0.001352,0.003465,0.000000,0.000000,-0.001473
0.082183,0.000000,0.149244,0.007516,0.000000,0.001340,0.003457,0.000000,0.000000,-0.001470
0.082221,0.000000,0.149251,0.007500,0.000000,0.001328,0.003450,0.000000,0.000000,-0.001466
0.082258,0.000000,0.149258,0.007484,0.000000,0.001317,0.003443,0.000000,0.000000,-0.001463
0.082296,0.000000,0.149264,0.007468,0.000000,0.001305,0.003435,0.000000,0.000000,-0.001459
0.082333,0.000000,0.149271,0.007452,0.000000,0.001293,0.003428,0.000000,0.000000,-0.001456
0.082370,0.000000,0.149277,0.007436,0.000000,0.001282,0.003421,0.000000,0.000000,-0.001452
0.082408,0.000000,0.149284,0.007420,0.000000,0.001270,0.003414,0.000000,0.000000,-0.001449
0.082445,0.000000,0.149290,0.007405,0.000000,0.001259,0.003406,0.000000,0.000000,-0.001445
0.082482,0.000000,0.149296,0.007389,0.000000,0.001248,0.003399,0.000000,0.000000,-0.001442
0.082519,0.000000,0.149303,0.007373,0.000000,0.001237,0.003392,0.000000,0.000000,-0.001438
0.082556,0.000000,0.149309,0.007358,0.000000,0.001226,0.003385,0.000000,0.000000,-0.001435
0.082592,0.000000,0.149315,0.007342,0.000000,0.001215,0.003378,0.000000,0.000000,-0.001432
0.082629,0.000000,0.149321,0.007326,0.000000,0.001204,0.003370,0.000000,0.000000,-0.001428
0.082666,0.000000,0.149327,0.007311,0.000000,0.001193,0.003363,0.000000,0.000000,-0.001425
0.082702,0.000000,0.149333,0.007295,0.000000,0.001183,0.003356,0.000000,0.000000,-0.001421
0.082739,0.000000,0.149339,0.007280,0.000000,0.001172,0.003349,0.000000,0.000000,-0.001418
0.082775,0.000000,0.149345,0.007264,0.000000,0.001162,0.003342,0.000000,0.000000,-0.001415
0.082811,0.000000,0.149351,0.007249,0.000000,0.001151,0.003335,0.000000,0.000000,-0.001411
0.082848,0.000000,0.149356,0.007233,0.000000,0.001141,0.003328,0.000000,0.000000,-0.001408
0.082884,0.000000,0.149362,0.007218,0.000000,0.001131,0.003321,0.000000,0.000000,-0.001405
0.082920,0.000000,0.149368,0.007203,0.000000,0.001121,0.003314,0.000000,0.000000,-0.001401
0.082956,0.000000,0.149373,0.007187,0.000000,0.001111,0.003307,0.000000,0.000000,-0.001398
0.082992,0.000000,0.149379,0.007172,0.000000,0.001101,0.003300,0.000000,0.000000,-0.001395
0.083028,0.000000,0.149384,0.007157,0.000000,0.001091,0.003293,0.000000,0.000000,-0.001392
0.083064,0.000000,0.149390,0.007142,0.000000,0.001081,0.003286,0.000000,0.000000,-0.001388
0.083099,0.000000,0.149395,0.007127,0.000000,0.001072,0.003279,0.000000,0.000000,-0.001385
0.083135,0.000000,0.149401,0.007112,0.000000,0.001062,0.003272,0.000000,0.000000,-0.001382
0.083170,0.000000,0.149406,0.007096,0.000000,0.001053,0.003265,0.000000,0.000000,-0.001379
0.083206,0.000000,0.149411,0.007081,0.000000,0.001043,0.003258,0.000000,0.000000,-0.001375
0.083241,0.000000,0.149416,0.007066,0.000000,0.001034,0.003251,0.000000,0.000000,-0.001372
0.083277,0.000000,0.149422,0.007051,0.000000,0.001025,0.003244,0.000000,0.000000,-0.001369
0.083312,0.000000,0.149427,0.007036,0.000000,0.001016,0.003238,0.000000,0.000000,-0.001366
0.083347,0.000000,0.149432,0.007021,0.000000,0.001007,0.003231,0.000000,0.000000,-0.001363
0.083382,0.000000,0.149437,0.007007,0.000000,0.000998,0.003224,0.000000,0.000000,-0.001360
0.083417,0.000000,0.149442,0.006992,0.000000,0.000989,0.003217,0.000000,0.000000,-0.001357
0.083452,0.000000,0.149447,0.006977,0.000000,0.000980,0.003210,0.000000,0.000000,-0.001353
0.083487,0.000000,0.149452,0.006962,0.000000,0.000971,0.003204,0.000000,0.000000,-0.001350
0.083522,0.000000,0.149456,0.006947,0.000000,0.000963,0.003197,0.000000,0.000000,-0.001347
0.083557,0.000000,0.149461,0.006933,0.000000,0.000954,0.003190,0.000000,0.000000,-0.001344
0.083591,0.000000,0.149466,0.006918,0.000000,0.000946,0.003183,0.000000,0.000000,-0.001341
0.083626,0.000000,0.149471,0.006903,0.000000,0.000937,0.003177,0.000000,0.000000,-0.001338
0.083660,0.000000,0.149475,0.006889,0.000000,0.000929,0.003170,0.000000,0.000000,-0.001335
0.083695,0.000000,0.149480,0.006874,0.000000,0.000921,0.003163,0.000000,0.000000,-0.001332
0.083729,0.000000,0.149485,0.006859,0.000000,0.000912,0.003157,0.000000,0.000000,-0.001329
0.083764,0.000000,0.149489,0.006845,0.000000,0.000904,0.003150,0.000000,0.000000,-0.001326
0.083798,0.000000,0.149494,0.006830,0.000000,0.000896,0.003143,0.000000,0.000000,-0.001323
0.083832,0.000000,0.149498,0.006816,0.000000,0.000888,0.003137,0.000000,0.000000,-0.001320
0.083866,0.000000,0.149503,0.006801,0.000000,0.000880,0.003130,0.000000,0.000000,-0.001318
0.083900,0.000000,0.149507,0.006787,0.000000,0.000872,0.003124,0.000000,0.000000,-0.001315
0.083934,0.000000,0.149511,0.006773,0.000000,0.000865,0.003117,0.000000,0.000000,-0.001312
0.083968,0.000000,0.149516,0.006758,0.000000,0.000857,0.003110,0.000000,0.000000,-0.001309
0.084002,0.000000,0.149520,0.006744,0.000000,0.000849,0.003104,0.000000,0.000000,-0.001306
0.084035,0.000000,0.149524,0.006730,0.000000,0.000842,0.003097,0.000000,0.000000,-0.001303
0.084069,0.000000,0.149529,0.006716,0.000000,0.000834,0.003091,0.000000,0.000000,-0.001300
0.084103,0.000000,0.149533,0.006701,0.000000,0.000827,0.003084,0.000000,0.000000,-0.001297
0.084136,0.000000,0.149537,0.006687,0.000000,0.000819,0.003078,0.000000,0.000000,-0.001295
0.084169,0.000000,0.149541,0.006673,0.000000,0.000812,0.003071,0.000000,0.000000,-0.001292
0.084203,0.000000,0.149545,0.006659,0.000000,0.000805,0.003065,0.000000,0.000000,-0.001289
0.084236,0.000000,0.149549,0.006645,0.000000,0.000798,0.003058,0.000000,0.000000,-0.001286
0.084269,0.000000,0.149553,0.006631,0.000000,0.000791,0.003052,0.000000,0.000000,-0.001283
0.084303,0.000000,0.149557,0.006617,0.000000,0.000784,0.003046,0.000000,0.000000,-0.001281
0.084336,0.000000,0.149561,0.006603,0.000000,0.000777,0.003039,0.000000,0.000000,-0.001278
0.084369,0.000000,0.149565,0.006589,0.000000,0.000770,0.003033,0.000000,0.000000,-0.001275
0.084402,0.000000,0.149569,0.006575,0.000000,0.000763,0.003026,0.000000,0.000000,-0.001273
0.084434,0.000000,0.149572,0.006561,0.000000,0.000756,0.003020,0.000000,0.000000,-0.001270
0.084467,0.000000,0.149576,0.006547,0.000000,0.000749,0.003014,0.000000,0.000000,-0.001267
0.084500,0.000000,0.149580,0.006533,0.000000,0.000743,0.003007,0.000000,0.000000,-0.001264
0.084533,0.000000,0.149584,0.006519,0.000000,0.000736,0.003001,0.000000,0.000000,-0.001262
0.084565,0.000000,0.149587,0.006506,0.000000,0.000730,0.002995,0.000000,0.000000,-0.001259
0.084598,0.000000,0.149591,0.006492,0.000000,0.000723,0.002988,0.000000,0.000000,-0.001256
0.084630,0.000000,0.149595,0.006478,0.000000,0.000717,0.002982,0.000000,0.000000,-0.001254
0.084663,0.000000,0.149598,0.006464,0.000000,0.000710,0.002976,0.000000,0.000000,-0.001251
0.084695,0.000000,0.149602,0.006451,0.000000,0.000704,0.002970,0.000000,0.000000,-0.001249
0.084727,0.000000,0.149605,0.006437,0.000000,0.000698,0.002963,0.000000,0.000000,-0.001246
0.084759,0.000000,0.149609,0.006424,0.000000,0.000691,0.002957,0.000000,0.000000,-0.001243
0.084791,0.000000,0.149612,0.006410,0.000000,0.000685,0.002951,0.000000,0.000000,-0.001241
0.084824,0.000000,0.149616,0.006396,0.000000,0.000679,0.002945,0.000000,0.000000,-0.001238
0.084856,0.000000,0.149619,0.006383,0.000000,0.000673,0.002939,0.000000,0.000000,-0.001236
0.084887,0.000000,0.149622,0.006369,0.000000,0.000667,0.002932,0.000000,0.000000,-0.001233
0.084919,0.000000,0.149626,0.006356,0.000000,0.000661,0.002926,0.000000,0.000000,-0.001230
0.084951,0.000000,0.149629,0.006343,0.000000,0.000655,0.002920,0.000000,0.000000,-0.001228
0.084983,0.000000,0.149632,0.006329,0.000000,0.000650,0.002914,0.000000,0.000000,-0.001225
0.085014,0.000000,0.149636,0.006316,0.000000,0.000644,0.002908,0.000000,0.000000,-0.001223
0.085046,0.000000,0.149639,0.006303,0.000000,0.000638,0.002902,0.000000,0.000000,-0.001220
0.085078,0.000000,0.149642,0.006289,0.000000,0.000632,0.002896,0.000000,0.000000,-0.001218
0.085109,0.000000,0.149645,0.006276,0.000000,0.000627,0.002889,0.000000,0.000000,-0.001215
0.085140,0.000000,0.149648,0.006263,0.000000,0.000621,0.002883,0.000000,0.000000,-0.001213
0.085172,0.000000,0.149651,0.006249,0.000000,0.000616,0.002877,0.000000,0.000000,-0.001210
0.085203,0.000000,0.149654,0.006236,0.000000,0.000610,0.002871,0.000000,0.000000,-0.001208
0.085234,0.000000,0.149657,0.006223,0.000000,0.000605,0.002865,0.000000,0.000000,-0.001205
